--
-- Group Number: 22
-- Group Members:
--   1. Moey Sean Jean
--   2. San Wei Rong, Jarren
--   3. Fang Jinfeng
--   4. Toh Jun Yee
--

INSERT INTO country VALUES ('ESP', 'Spain', 'Europe');
INSERT INTO country VALUES ('BEL', 'Belgium', 'Europe');
INSERT INTO country VALUES ('ERI', 'Eritrea', 'Africa');
INSERT INTO country VALUES ('NOR', 'Norway', 'Europe');
INSERT INTO country VALUES ('FRA', 'France', 'Europe');
INSERT INTO country VALUES ('ITA', 'Italy', 'Europe');
INSERT INTO country VALUES ('SUI', 'Switzerland', 'Europe');
INSERT INTO country VALUES ('USA', 'United States of America', 'North America');
INSERT INTO country VALUES ('NED', 'Netherlands, Kingdom of the', 'Europe');
INSERT INTO country VALUES ('GER', 'Germany', 'Europe');
INSERT INTO country VALUES ('GBR', 'United Kingdom of Great Britain and Northern Ireland', 'Europe');
INSERT INTO country VALUES ('KAZ', 'Kazakhstan', 'Asia');
INSERT INTO country VALUES ('AUS', 'Australia', 'Oceania');
INSERT INTO country VALUES ('LAT', 'Latvia', 'Europe');
INSERT INTO country VALUES ('ISR', 'Israel', 'Asia');
INSERT INTO country VALUES ('SLO', 'Slovenia', 'Europe');
INSERT INTO country VALUES ('UAE', 'United Arab Emirates', 'Asia');
INSERT INTO country VALUES ('DEN', 'Denmark', 'Europe');
INSERT INTO country VALUES ('AUT', 'Austria', 'Europe');
INSERT INTO country VALUES ('CZE', 'Czechia', 'Europe');
INSERT INTO country VALUES ('BRN', 'Bahrain', 'Asia');
INSERT INTO country VALUES ('CAN', 'Canada', 'North America');
INSERT INTO country VALUES ('POR', 'Portugal', 'Europe');
INSERT INTO country VALUES ('IRL', 'Ireland', 'Europe');
INSERT INTO country VALUES ('COL', 'Colombia', 'South America');
INSERT INTO country VALUES ('ECU', 'Ecuador', 'South America');
INSERT INTO country VALUES ('NZL', 'New Zealand', 'Oceania');
INSERT INTO country VALUES ('POL', 'Poland', 'Europe');
INSERT INTO country VALUES ('ARG', 'Argentina', 'South America');

INSERT INTO team VALUES ('ALPECIN-DECEUNINCK', 'BEL');
INSERT INTO team VALUES ('INTERMARCHÉ - WANTY', 'BEL');
INSERT INTO team VALUES ('UNO-X MOBILITY', 'NOR');
INSERT INTO team VALUES ('TOTALENERGIES', 'FRA');
INSERT INTO team VALUES ('TUDOR PRO CYCLING TEAM', 'SUI');
INSERT INTO team VALUES ('GROUPAMA-FDJ', 'FRA');
INSERT INTO team VALUES ('TEAM VISMA | LEASE A BIKE', 'NED');
INSERT INTO team VALUES ('INEOS GRENADIERS', 'GBR');
INSERT INTO team VALUES ('XDS ASTANA TEAM', 'KAZ');
INSERT INTO team VALUES ('MOVISTAR TEAM', 'ESP');
INSERT INTO team VALUES ('TEAM PICNIC POSTNL', 'NED');
INSERT INTO team VALUES ('EF EDUCATION - EASYPOST', 'USA');
INSERT INTO team VALUES ('ISRAEL - PREMIER TECH', 'ISR');
INSERT INTO team VALUES ('ARKEA-B&B HOTELS', 'FRA');
INSERT INTO team VALUES ('COFIDIS', 'FRA');
INSERT INTO team VALUES ('UAE TEAM EMIRATES XRG', 'UAE');
INSERT INTO team VALUES ('LIDL-TREK', 'USA');
INSERT INTO team VALUES ('TEAM JAYCO ALULA', 'AUS');
INSERT INTO team VALUES ('LOTTO', 'BEL');
INSERT INTO team VALUES ('RED BULL - BORA - HANSGROHE', 'GER');
INSERT INTO team VALUES ('BAHRAIN VICTORIOUS', 'BRN');
INSERT INTO team VALUES ('SOUDAL QUICK-STEP', 'BEL');
INSERT INTO team VALUES ('DECATHLON AG2R LA MONDIALE TEAM', 'FRA');

INSERT INTO rider VALUES (101, 'Jasper Philipsen', '1998-03-02', 'ALPECIN-DECEUNINCK', 'BEL');
INSERT INTO rider VALUES (41, 'Biniam Girmay', '2000-04-02', 'INTERMARCHÉ - WANTY', 'ERI');
INSERT INTO rider VALUES (228, 'Soren Waerenskjold', '2000-03-12', 'UNO-X MOBILITY', 'NOR');
INSERT INTO rider VALUES (187, 'Anthony Turgis', '1994-05-16', 'TOTALENERGIES', 'FRA');
INSERT INTO rider VALUES (118, 'Matteo Trentin', '1989-08-02', 'TUDOR PRO CYCLING TEAM', 'ITA');
INSERT INTO rider VALUES (98, 'Clément Russo', '1995-01-20', 'GROUPAMA-FDJ', 'FRA');
INSERT INTO rider VALUES (97, 'Paul Penhoet', '2001-12-28', 'GROUPAMA-FDJ', 'FRA');
INSERT INTO rider VALUES (15, 'Matteo Jorgenson', '1999-07-01', 'TEAM VISMA | LEASE A BIKE', 'USA');
INSERT INTO rider VALUES (116, 'Marius Mayrhofer', '2000-09-18', 'TUDOR PRO CYCLING TEAM', 'GER');
INSERT INTO rider VALUES (68, 'Samuel Watson', '2001-09-24', 'INEOS GRENADIERS', 'GBR');
INSERT INTO rider VALUES (177, 'Mike Teunissen', '1992-08-25', 'XDS ASTANA TEAM', 'NED');
INSERT INTO rider VALUES (145, 'Ivan Garcia Cortina', '1995-11-20', 'MOVISTAR TEAM', 'ESP');
INSERT INTO rider VALUES (196, 'Niklas Märkl', '1999-03-03', 'TEAM PICNIC POSTNL', 'GER');
INSERT INTO rider VALUES (36, 'Harrison Sweeny', '1998-07-09', 'EF EDUCATION - EASYPOST', 'AUS');
INSERT INTO rider VALUES (207, 'Krists Neilands', '1994-08-18', 'ISRAEL - PREMIER TECH', 'LAT');
INSERT INTO rider VALUES (131, 'Kévin Vauquelin', '2001-04-26', 'ARKEA-B&B HOTELS', 'FRA');
INSERT INTO rider VALUES (168, 'Damien Touze', '1996-07-07', 'COFIDIS', 'FRA');
INSERT INTO rider VALUES (1, 'Tadej Pogacar', '1998-09-21', 'UAE TEAM EMIRATES XRG', 'SLO');
INSERT INTO rider VALUES (202, 'Pascal Ackermann', '1994-01-17', 'ISRAEL - PREMIER TECH', 'GER');
INSERT INTO rider VALUES (11, 'Jonas Vingegaard', '1996-12-10', 'TEAM VISMA | LEASE A BIKE', 'DEN');
INSERT INTO rider VALUES (87, 'Jasper Stuyven', '1992-04-17', 'LIDL-TREK', 'BEL');
INSERT INTO rider VALUES (113, 'Marco Haller', '1991-04-01', 'TUDOR PRO CYCLING TEAM', 'AUT');
INSERT INTO rider VALUES (103, 'Kaden Groves', '1998-12-23', 'ALPECIN-DECEUNINCK', 'AUS');
INSERT INTO rider VALUES (33, 'Kasper Asgreen', '1995-02-08', 'EF EDUCATION - EASYPOST', 'DEN');
INSERT INTO rider VALUES (203, 'Joseph Blackmore', '2003-02-23', 'ISRAEL - PREMIER TECH', 'GBR');
INSERT INTO rider VALUES (125, 'Luka Mezgec', '1988-06-27', 'TEAM JAYCO ALULA', 'SLO');
INSERT INTO rider VALUES (13, 'Tiesj Benoot', '1994-03-11', 'TEAM VISMA | LEASE A BIKE', 'BEL');
INSERT INTO rider VALUES (106, 'Mathieu Van Der Poel', '1995-01-19', 'ALPECIN-DECEUNINCK', 'NED');
INSERT INTO rider VALUES (224, 'Stian Edvardsen-Fredheim', '2003-03-23', 'UNO-X MOBILITY', 'NOR');
INSERT INTO rider VALUES (221, 'Tobias Johannessen', '1999-08-23', 'UNO-X MOBILITY', 'NOR');
INSERT INTO rider VALUES (141, 'Enric Mas', '1995-01-07', 'MOVISTAR TEAM', 'ESP');
INSERT INTO rider VALUES (7, 'Tim Wellens', '1991-05-10', 'UAE TEAM EMIRATES XRG', 'BEL');
INSERT INTO rider VALUES (93, 'Cyril Barthe', '1996-02-14', 'GROUPAMA-FDJ', 'FRA');
INSERT INTO rider VALUES (222, 'Jonas Abrahamsen', '1995-09-20', 'UNO-X MOBILITY', 'NOR');
INSERT INTO rider VALUES (105, 'Jonas Rickaert', '1994-02-07', 'ALPECIN-DECEUNINCK', 'BEL');
INSERT INTO rider VALUES (104, 'Xandro Meurisse', '1992-01-31', 'ALPECIN-DECEUNINCK', 'BEL');
INSERT INTO rider VALUES (172, 'Davide Ballerini', '1994-09-21', 'XDS ASTANA TEAM', 'ITA');
INSERT INTO rider VALUES (12, 'Edoardo Affini', '1996-06-24', 'TEAM VISMA | LEASE A BIKE', 'ITA');
INSERT INTO rider VALUES (81, 'Jonathan Milan', '2000-10-01', 'LIDL-TREK', 'ITA');
INSERT INTO rider VALUES (211, 'Arnaud De Lie', '2002-03-16', 'LOTTO', 'BEL');
INSERT INTO rider VALUES (163, 'Bryan Coquard', '1992-04-25', 'COFIDIS', 'FRA');
INSERT INTO rider VALUES (73, 'Jordi Meeus', '1998-07-01', 'RED BULL - BORA - HANSGROHE', 'BEL');
INSERT INTO rider VALUES (193, 'Pavel Bittner', '2002-10-29', 'TEAM PICNIC POSTNL', 'CZE');
INSERT INTO rider VALUES (112, 'Alberto Dainese', '1998-03-25', 'TUDOR PRO CYCLING TEAM', 'ITA');
INSERT INTO rider VALUES (57, 'Robert Stannard', '1998-09-16', 'BAHRAIN VICTORIOUS', 'AUS');
INSERT INTO rider VALUES (52, 'Phil Bauhaus', '1994-07-08', 'BAHRAIN VICTORIOUS', 'GER');
INSERT INTO rider VALUES (24, 'Tim Merlier', '1992-10-30', 'SOUDAL QUICK-STEP', 'BEL');
INSERT INTO rider VALUES (17, 'Wout Van Aert', '1994-09-15', 'TEAM VISMA | LEASE A BIKE', 'BEL');
INSERT INTO rider VALUES (77, 'Danny Van Poppel', '1993-07-26', 'RED BULL - BORA - HANSGROHE', 'NED');
INSERT INTO rider VALUES (35, 'Neilson Powless', '1996-09-03', 'EF EDUCATION - EASYPOST', 'USA');
INSERT INTO rider VALUES (225, 'Markus Hoelgaard', '1994-10-04', 'UNO-X MOBILITY', 'NOR');
INSERT INTO rider VALUES (153, 'Clément Berthet', '1997-08-02', 'DECATHLON AG2R LA MONDIALE TEAM', 'FRA');
INSERT INTO rider VALUES (195, 'Tobias Lund Andresen', '2002-02-08', 'TEAM PICNIC POSTNL', 'DEN');
INSERT INTO rider VALUES (85, 'Mattias Skjelmose', '2000-09-26', 'LIDL-TREK', 'DEN');
INSERT INTO rider VALUES (213, 'Jasper De Buyst', '1993-11-24', 'LOTTO', 'BEL');
INSERT INTO rider VALUES (161, 'Emanuel Buchmann', '1992-11-18', 'COFIDIS', 'GER');
INSERT INTO rider VALUES (204, 'Guillaume Boivin', '1989-05-25', 'ISRAEL - PREMIER TECH', 'CAN');
INSERT INTO rider VALUES (2, 'Joao Almeida', '1998-08-05', 'UAE TEAM EMIRATES XRG', 'POR');
INSERT INTO rider VALUES (132, 'Amaury Capiot', '1993-06-25', 'ARKEA-B&B HOTELS', 'BEL');
INSERT INTO rider VALUES (124, 'Dylan Groenewegen', '1993-06-21', 'TEAM JAYCO ALULA', 'NED');
INSERT INTO rider VALUES (223, 'Magnus Cort Nielsen', '1993-01-16', 'UNO-X MOBILITY', 'DEN');
INSERT INTO rider VALUES (134, 'Arnaud Demare', '1991-08-26', 'ARKEA-B&B HOTELS', 'FRA');
INSERT INTO rider VALUES (165, 'Alexis Renard', '1999-06-01', 'COFIDIS', 'FRA');
INSERT INTO rider VALUES (31, 'Ben Healy', '2000-09-11', 'EF EDUCATION - EASYPOST', 'IRL');
INSERT INTO rider VALUES (205, 'Matis Louvel', '1999-07-19', 'ISRAEL - PREMIER TECH', 'FRA');
INSERT INTO rider VALUES (156, 'Aurélien Paret Peintre', '1996-02-27', 'DECATHLON AG2R LA MONDIALE TEAM', 'FRA');
INSERT INTO rider VALUES (21, 'Remco Evenepoel', '2000-01-25', 'SOUDAL QUICK-STEP', 'BEL');
INSERT INTO rider VALUES (186, 'Jordan Jegat', '1999-06-07', 'TOTALENERGIES', 'FRA');
INSERT INTO rider VALUES (66, 'Carlos Rodriguez', '2001-02-02', 'INEOS GRENADIERS', 'ESP');
INSERT INTO rider VALUES (107, 'Gianni Vermeersch', '1992-11-19', 'ALPECIN-DECEUNINCK', 'BEL');
INSERT INTO rider VALUES (51, 'Santiago Buitrago', '1999-09-26', 'BAHRAIN VICTORIOUS', 'COL');
INSERT INTO rider VALUES (37, 'Michael Valgren', '1992-02-07', 'EF EDUCATION - EASYPOST', 'DEN');
INSERT INTO rider VALUES (155, 'Oliver Naesen', '1990-09-16', 'DECATHLON AG2R LA MONDIALE TEAM', 'BEL');
INSERT INTO rider VALUES (191, 'Oscar Onley', '2002-10-13', 'TEAM PICNIC POSTNL', 'GBR');
INSERT INTO rider VALUES (151, 'Félix Gall', '1998-02-27', 'DECATHLON AG2R LA MONDIALE TEAM', 'AUT');
INSERT INTO rider VALUES (28, 'Ilan Van Wilder', '2000-05-14', 'SOUDAL QUICK-STEP', 'BEL');
INSERT INTO rider VALUES (23, 'Pascal Eenkhoorn', '1997-02-08', 'SOUDAL QUICK-STEP', 'NED');
INSERT INTO rider VALUES (72, 'Florian Lipowitz', '2000-09-21', 'RED BULL - BORA - HANSGROHE', 'GER');
INSERT INTO rider VALUES (71, 'Primoz Roglic', '1989-10-29', 'RED BULL - BORA - HANSGROHE', 'SLO');
INSERT INTO rider VALUES (217, 'Lennert Van Eetvelt', '2001-07-17', 'LOTTO', 'BEL');
INSERT INTO rider VALUES (95, 'Valentin Madouas', '1996-07-12', 'GROUPAMA-FDJ', 'FRA');
INSERT INTO rider VALUES (91, 'Guillaume Martin Guyonnet', '1993-06-09', 'GROUPAMA-FDJ', 'FRA');
INSERT INTO rider VALUES (144, 'Nelson Oliveira', '1989-03-06', 'MOVISTAR TEAM', 'POR');
INSERT INTO rider VALUES (115, 'Fabian Lienhard', '1993-09-03', 'TUDOR PRO CYCLING TEAM', 'SUI');
INSERT INTO rider VALUES (194, 'Sean Flynn', '2000-03-02', 'TEAM PICNIC POSTNL', 'GBR');
INSERT INTO rider VALUES (67, 'Connor Swift', '1995-10-30', 'INEOS GRENADIERS', 'GBR');
INSERT INTO rider VALUES (61, 'Geraint Thomas', '1986-05-25', 'INEOS GRENADIERS', 'GBR');
INSERT INTO rider VALUES (184, 'Thomas Gachignard', '2000-08-17', 'TOTALENERGIES', 'FRA');
INSERT INTO rider VALUES (3, 'Jhonatan Narvaez', '1997-03-04', 'UAE TEAM EMIRATES XRG', 'ECU');
INSERT INTO rider VALUES (44, 'Hugo Page', '2001-07-24', 'INTERMARCHÉ - WANTY', 'FRA');
INSERT INTO rider VALUES (181, 'Steff Cras', '1996-02-13', 'TOTALENERGIES', 'BEL');
INSERT INTO rider VALUES (158, 'Bastien Tronchon', '2002-03-29', 'DECATHLON AG2R LA MONDIALE TEAM', 'FRA');
INSERT INTO rider VALUES (183, 'Alexandre Delettre', '1997-10-25', 'TOTALENERGIES', 'FRA');
INSERT INTO rider VALUES (54, 'Jack Haig', '1993-09-06', 'BAHRAIN VICTORIOUS', 'AUS');
INSERT INTO rider VALUES (162, 'Alex Aranburu', '1995-09-19', 'COFIDIS', 'ESP');
INSERT INTO rider VALUES (114, 'Marc Hirschi', '1998-08-24', 'TUDOR PRO CYCLING TEAM', 'SUI');
INSERT INTO rider VALUES (212, 'Jenno Berckmoes', '2001-02-04', 'LOTTO', 'BEL');
INSERT INTO rider VALUES (166, 'Dylan Teuns', '1992-03-01', 'COFIDIS', 'BEL');
INSERT INTO rider VALUES (218, 'Brent Van Moer', '1998-01-12', 'LOTTO', 'BEL');
INSERT INTO rider VALUES (63, 'Tobias Foss', '1997-05-25', 'INEOS GRENADIERS', 'NOR');
INSERT INTO rider VALUES (58, 'Fred Wright', '1999-06-13', 'BAHRAIN VICTORIOUS', 'GBR');
INSERT INTO rider VALUES (214, 'Jarrad Drizners', '1999-05-31', 'LOTTO', 'AUS');
INSERT INTO rider VALUES (32, 'Vincenzo Albanese', '1996-11-12', 'EF EDUCATION - EASYPOST', 'ITA');
INSERT INTO rider VALUES (127, 'Elmar Reinders', '1992-03-14', 'TEAM JAYCO ALULA', 'NED');
INSERT INTO rider VALUES (78, 'Aleksandr Vlasov', '1996-04-23', 'RED BULL - BORA - HANSGROHE', NULL);
INSERT INTO rider VALUES (157, 'Callum Scotson', '1996-08-10', 'DECATHLON AG2R LA MONDIALE TEAM', 'AUS');
INSERT INTO rider VALUES (192, 'Warren Barguil', '1991-10-28', 'TEAM PICNIC POSTNL', 'FRA');
INSERT INTO rider VALUES (56, 'Matej Mohoric', '1994-10-19', 'BAHRAIN VICTORIOUS', 'SLO');
INSERT INTO rider VALUES (34, 'Alex Baudin', '2001-05-25', 'EF EDUCATION - EASYPOST', 'FRA');
INSERT INTO rider VALUES (138, 'Clément Venturini', '1993-10-16', 'ARKEA-B&B HOTELS', 'FRA');
INSERT INTO rider VALUES (27, 'Bert Van Lerberghe', '1992-09-29', 'SOUDAL QUICK-STEP', 'BEL');
INSERT INTO rider VALUES (86, 'Toms Skujins', '1991-06-15', 'LIDL-TREK', 'LAT');
INSERT INTO rider VALUES (88, 'Edward Theuns', '1991-04-30', 'LIDL-TREK', 'BEL');
INSERT INTO rider VALUES (43, 'Vito Braet', '2000-11-02', 'INTERMARCHÉ - WANTY', 'BEL');
INSERT INTO rider VALUES (75, 'Laurence Pithie', '2002-07-17', 'RED BULL - BORA - HANSGROHE', 'NZL');
INSERT INTO rider VALUES (82, 'Simone Consonni', '1994-09-12', 'LIDL-TREK', 'ITA');
INSERT INTO rider VALUES (22, 'Mattia Cattaneo', '1990-10-25', 'SOUDAL QUICK-STEP', 'ITA');
INSERT INTO rider VALUES (14, 'Victor Campenaerts', '1991-10-28', 'TEAM VISMA | LEASE A BIKE', 'BEL');
INSERT INTO rider VALUES (16, 'Sepp Kuss', '1994-09-13', 'TEAM VISMA | LEASE A BIKE', 'USA');
INSERT INTO rider VALUES (74, 'Gianni Moscon', '1994-04-20', 'RED BULL - BORA - HANSGROHE', 'ITA');
INSERT INTO rider VALUES (76, 'Mick Van Dijke', '2000-03-15', 'RED BULL - BORA - HANSGROHE', 'NED');
INSERT INTO rider VALUES (164, 'Ion Izagirre', '1989-02-04', 'COFIDIS', 'ESP');
INSERT INTO rider VALUES (6, 'Marc Soler', '1993-11-22', 'UAE TEAM EMIRATES XRG', 'ESP');
INSERT INTO rider VALUES (53, 'Kamil Gradek', '1990-09-17', 'BAHRAIN VICTORIOUS', 'POL');
INSERT INTO rider VALUES (4, 'Nils Politt', '1994-03-06', 'UAE TEAM EMIRATES XRG', 'GER');
INSERT INTO rider VALUES (227, 'Andreas Leknessund', '1999-05-21', 'UNO-X MOBILITY', 'NOR');
INSERT INTO rider VALUES (226, 'Anders Johannessen', '1999-08-23', 'UNO-X MOBILITY', 'NOR');
INSERT INTO rider VALUES (96, 'Quentin Pacher', '1992-01-06', 'GROUPAMA-FDJ', 'FRA');
INSERT INTO rider VALUES (171, 'Harold Tejada', '1997-04-27', 'XDS ASTANA TEAM', 'COL');
INSERT INTO rider VALUES (152, 'Bruno Armirail', '1994-04-11', 'DECATHLON AG2R LA MONDIALE TEAM', 'FRA');
INSERT INTO rider VALUES (215, 'Sébastien Grignard', '1999-04-29', 'LOTTO', 'BEL');
INSERT INTO rider VALUES (136, 'Mathis Le Berre', '2001-04-16', 'ARKEA-B&B HOTELS', 'FRA');
INSERT INTO rider VALUES (62, 'Thymen Arensman', '1999-12-04', 'INEOS GRENADIERS', 'NED');
INSERT INTO rider VALUES (46, 'Jonas Rutsch', '1998-01-24', 'INTERMARCHÉ - WANTY', 'GER');
INSERT INTO rider VALUES (216, 'Eduardo Sepulveda', '1991-06-13', 'LOTTO', 'ARG');
INSERT INTO rider VALUES (48, 'Georg Zimmermann', '1997-10-11', 'INTERMARCHÉ - WANTY', 'GER');
INSERT INTO rider VALUES (146, 'Gregor Mühlberger', '1994-04-04', 'MOVISTAR TEAM', 'AUT');
INSERT INTO rider VALUES (167, 'Benjamin Thomas', '1995-09-12', 'COFIDIS', 'FRA');
INSERT INTO rider VALUES (148, 'Einer Rubio Reyes', '1998-02-22', 'MOVISTAR TEAM', 'COL');
INSERT INTO rider VALUES (137, 'Cristian Rodriguez', '1995-03-03', 'ARKEA-B&B HOTELS', 'ESP');
INSERT INTO rider VALUES (198, 'Frank Van Den Broek', '2000-12-28', 'TEAM PICNIC POSTNL', 'NED');
INSERT INTO rider VALUES (84, 'Quinn Simmons', '2001-05-08', 'LIDL-TREK', 'USA');
INSERT INTO rider VALUES (197, 'Tim Naberman', '1999-05-11', 'TEAM PICNIC POSTNL', 'NED');
INSERT INTO rider VALUES (176, 'Sergio Higuita', '1997-08-01', 'XDS ASTANA TEAM', 'COL');
INSERT INTO rider VALUES (174, 'Clément Champoussin', '1998-05-29', 'XDS ASTANA TEAM', 'FRA');
INSERT INTO rider VALUES (45, 'Laurenz Rex', '1999-12-15', 'INTERMARCHÉ - WANTY', 'BEL');
INSERT INTO rider VALUES (143, 'Pablo Castrillo Zapater', '2001-01-02', 'MOVISTAR TEAM', 'ESP');
INSERT INTO rider VALUES (135, 'Raul Garcia Pierna', '2001-02-23', 'ARKEA-B&B HOTELS', 'ESP');
INSERT INTO rider VALUES (94, 'Romain Gregoire', '2003-01-21', 'GROUPAMA-FDJ', 'FRA');
INSERT INTO rider VALUES (133, 'Ewen Costiou', '2002-11-10', 'ARKEA-B&B HOTELS', 'FRA');
INSERT INTO rider VALUES (25, 'Valentin Paret Peintre', '2001-01-14', 'SOUDAL QUICK-STEP', 'FRA');
INSERT INTO rider VALUES (185, 'Emilien Jeanniere', '1998-09-26', 'TOTALENERGIES', 'FRA');
INSERT INTO rider VALUES (117, 'Michael Storer', '1997-02-28', 'TUDOR PRO CYCLING TEAM', 'AUS');
INSERT INTO rider VALUES (122, 'Edward Dunbar', '1996-09-01', 'TEAM JAYCO ALULA', 'IRL');
INSERT INTO rider VALUES (5, 'Pavel Sivakov', '1997-07-11', 'UAE TEAM EMIRATES XRG', 'FRA');
INSERT INTO rider VALUES (8, 'Adam Yates', '1992-08-07', 'UAE TEAM EMIRATES XRG', 'GBR');
INSERT INTO rider VALUES (108, 'Emiel Verstrynge', '2002-02-04', 'ALPECIN-DECEUNINCK', 'BEL');
INSERT INTO rider VALUES (208, 'Jake Stewart', '1999-10-02', 'ISRAEL - PREMIER TECH', 'GBR');
INSERT INTO rider VALUES (206, 'Alexey Lutsenko', '1992-09-07', 'ISRAEL - PREMIER TECH', 'KAZ');
INSERT INTO rider VALUES (121, 'Ben O''Connor', '1995-11-25', 'TEAM JAYCO ALULA', 'AUS');
INSERT INTO rider VALUES (128, 'Mauro Schmid', '1999-12-04', 'TEAM JAYCO ALULA', 'SUI');
INSERT INTO rider VALUES (38, 'Marijn Van Den Berg', '1999-07-19', 'EF EDUCATION - EASYPOST', 'NED');
INSERT INTO rider VALUES (123, 'Luke Durbridge', '1991-04-09', 'TEAM JAYCO ALULA', 'AUS');
INSERT INTO rider VALUES (18, 'Simon Yates', '1992-08-07', 'TEAM VISMA | LEASE A BIKE', 'GBR');
INSERT INTO rider VALUES (65, 'Axel Laurance', '2001-04-13', 'INEOS GRENADIERS', 'FRA');
INSERT INTO rider VALUES (102, 'Silvan Dillier', '1990-08-03', 'ALPECIN-DECEUNINCK', 'SUI');
INSERT INTO rider VALUES (201, 'Michael Woods', '1986-10-12', 'ISRAEL - PREMIER TECH', 'CAN');
INSERT INTO rider VALUES (178, 'Simone Velasco', '1995-12-02', 'XDS ASTANA TEAM', 'ITA');
INSERT INTO rider VALUES (26, 'Maximilian Schachmann', '1994-01-09', 'SOUDAL QUICK-STEP', 'GER');
INSERT INTO rider VALUES (126, 'Luke Plapp', '2000-12-25', 'TEAM JAYCO ALULA', 'AUS');
INSERT INTO rider VALUES (175, 'Yevgeniy Fedorov', '2000-02-16', 'XDS ASTANA TEAM', 'KAZ');
INSERT INTO rider VALUES (173, 'Cees Bol', '1995-07-27', 'XDS ASTANA TEAM', 'NED');
INSERT INTO rider VALUES (111, 'Julian Alaphilippe', '1992-06-11', 'TUDOR PRO CYCLING TEAM', 'FRA');
INSERT INTO rider VALUES (47, 'Roel Van Sintmaartensdijk', '2001-05-08', 'INTERMARCHÉ - WANTY', 'NED');
INSERT INTO rider VALUES (42, 'Louis Barre', '2000-04-06', 'INTERMARCHÉ - WANTY', 'FRA');
INSERT INTO rider VALUES (147, 'Ivan Romeo Abad', '2003-08-16', 'MOVISTAR TEAM', 'ESP');
INSERT INTO rider VALUES (142, 'William Barta', '1996-01-04', 'MOVISTAR TEAM', 'USA');
INSERT INTO rider VALUES (182, 'Mathieu Burgaudeau', '1998-11-17', 'TOTALENERGIES', 'FRA');
INSERT INTO rider VALUES (188, 'Matteo Vercher', '2001-01-26', 'TOTALENERGIES', 'FRA');
INSERT INTO rider VALUES (83, 'Thibau Nys', '2002-11-12', 'LIDL-TREK', 'BEL');
INSERT INTO rider VALUES (92, 'Lewis Askey', '2001-05-04', 'GROUPAMA-FDJ', 'GBR');
INSERT INTO rider VALUES (55, 'Lenny Martinez', '2003-07-11', 'BAHRAIN VICTORIOUS', 'FRA');

INSERT INTO location VALUES ('Barcelona', 'ESP');

INSERT INTO stage VALUES (1, '2025-07-04', 'Barcelona', 'Barcelona', 19, 'team time-trial');

INSERT INTO stage_result VALUES (1, 101, 1, 13991, 10, 0);
INSERT INTO stage_result VALUES (1, 41, 2, 13991, 6, 0);
INSERT INTO stage_result VALUES (1, 228, 3, 13991, 4, 0);
INSERT INTO stage_result VALUES (1, 187, 4, 13991, 0, 0);
INSERT INTO stage_result VALUES (1, 118, 5, 13991, 0, 0);
INSERT INTO stage_result VALUES (1, 98, 6, 13991, 0, 0);
INSERT INTO stage_result VALUES (1, 97, 7, 13991, 0, 0);
INSERT INTO stage_result VALUES (1, 15, 8, 13991, 0, 0);
INSERT INTO stage_result VALUES (1, 116, 9, 13991, 0, 0);
INSERT INTO stage_result VALUES (1, 68, 10, 13991, 0, 0);
INSERT INTO stage_result VALUES (1, 177, 11, 13991, 0, 0);
INSERT INTO stage_result VALUES (1, 145, 12, 13991, 0, 0);
INSERT INTO stage_result VALUES (1, 196, 13, 13991, 0, 0);
INSERT INTO stage_result VALUES (1, 36, 14, 13991, 0, 0);
INSERT INTO stage_result VALUES (1, 207, 15, 13991, 0, 0);
INSERT INTO stage_result VALUES (1, 131, 16, 13991, 0, 0);
INSERT INTO stage_result VALUES (1, 168, 17, 13991, 0, 0);
INSERT INTO stage_result VALUES (1, 1, 18, 13991, 0, 0);
INSERT INTO stage_result VALUES (1, 202, 19, 13991, 0, 0);
INSERT INTO stage_result VALUES (1, 11, 20, 13991, 0, 0);
INSERT INTO stage_result VALUES (1, 87, 21, 13991, 0, 0);
INSERT INTO stage_result VALUES (1, 113, 22, 13991, 0, 0);
INSERT INTO stage_result VALUES (1, 103, 23, 13991, 0, 0);
INSERT INTO stage_result VALUES (1, 33, 24, 13991, 0, 0);
INSERT INTO stage_result VALUES (1, 203, 25, 13991, 0, 0);
INSERT INTO stage_result VALUES (1, 125, 26, 13991, 0, 0);
INSERT INTO stage_result VALUES (1, 13, 27, 13991, 0, 0);
INSERT INTO stage_result VALUES (1, 106, 28, 13991, 0, 0);
INSERT INTO stage_result VALUES (1, 224, 29, 13991, 0, 0);
INSERT INTO stage_result VALUES (1, 221, 30, 13991, 0, 0);
INSERT INTO stage_result VALUES (1, 141, 31, 13991, 0, 0);
INSERT INTO stage_result VALUES (1, 7, 32, 13991, 0, 0);
INSERT INTO stage_result VALUES (1, 93, 33, 13991, 0, 0);
INSERT INTO stage_result VALUES (1, 222, 34, 14004, 0, 0);
INSERT INTO stage_result VALUES (1, 105, 35, 14004, 0, 0);
INSERT INTO stage_result VALUES (1, 104, 36, 14004, 0, 0);
INSERT INTO stage_result VALUES (1, 172, 37, 14011, 0, 0);
INSERT INTO stage_result VALUES (1, 12, 38, 14016, 0, 0);
INSERT INTO stage_result VALUES (1, 81, 39, 14030, 0, 0);
INSERT INTO stage_result VALUES (1, 211, 40, 14030, 0, 0);
INSERT INTO stage_result VALUES (1, 163, 41, 14030, 0, 0);
INSERT INTO stage_result VALUES (1, 73, 42, 14030, 0, 0);
INSERT INTO stage_result VALUES (1, 193, 43, 14030, 0, 0);
INSERT INTO stage_result VALUES (1, 112, 44, 14030, 0, 0);
INSERT INTO stage_result VALUES (1, 57, 45, 14030, 0, 0);
INSERT INTO stage_result VALUES (1, 52, 46, 14030, 0, 0);
INSERT INTO stage_result VALUES (1, 24, 47, 14030, 0, 0);
INSERT INTO stage_result VALUES (1, 17, 48, 14030, 0, 0);
INSERT INTO stage_result VALUES (1, 77, 49, 14030, 0, 0);
INSERT INTO stage_result VALUES (1, 35, 50, 14030, 0, 0);
INSERT INTO stage_result VALUES (1, 225, 51, 14030, 0, 0);
INSERT INTO stage_result VALUES (1, 153, 52, 14030, 0, 0);
INSERT INTO stage_result VALUES (1, 195, 53, 14030, 0, 0);
INSERT INTO stage_result VALUES (1, 85, 54, 14030, 0, 0);
INSERT INTO stage_result VALUES (1, 213, 55, 14030, 0, 0);
INSERT INTO stage_result VALUES (1, 161, 56, 14030, 0, 0);
INSERT INTO stage_result VALUES (1, 204, 57, 14030, 0, 0);
INSERT INTO stage_result VALUES (1, 2, 58, 14030, 0, 0);
INSERT INTO stage_result VALUES (1, 132, 59, 14030, 0, 0);
INSERT INTO stage_result VALUES (1, 124, 60, 14030, 0, 0);
INSERT INTO stage_result VALUES (1, 223, 61, 14030, 0, 0);
INSERT INTO stage_result VALUES (1, 134, 62, 14030, 0, 0);
INSERT INTO stage_result VALUES (1, 165, 63, 14030, 0, 0);
INSERT INTO stage_result VALUES (1, 31, 64, 14030, 0, 0);
INSERT INTO stage_result VALUES (1, 205, 65, 14030, 0, 0);
INSERT INTO stage_result VALUES (1, 156, 66, 14030, 0, 0);
INSERT INTO stage_result VALUES (1, 21, 67, 14030, 0, 0);
INSERT INTO stage_result VALUES (1, 186, 68, 14030, 0, 0);
INSERT INTO stage_result VALUES (1, 66, 69, 14030, 0, 0);
INSERT INTO stage_result VALUES (1, 107, 70, 14030, 0, 0);
INSERT INTO stage_result VALUES (1, 51, 71, 14030, 0, 0);
INSERT INTO stage_result VALUES (1, 37, 72, 14030, 0, 0);
INSERT INTO stage_result VALUES (1, 155, 73, 14030, 0, 0);
INSERT INTO stage_result VALUES (1, 191, 74, 14030, 0, 0);
INSERT INTO stage_result VALUES (1, 151, 75, 14030, 0, 0);
INSERT INTO stage_result VALUES (1, 28, 76, 14030, 0, 0);
INSERT INTO stage_result VALUES (1, 23, 77, 14030, 0, 0);
INSERT INTO stage_result VALUES (1, 72, 78, 14030, 0, 0);
INSERT INTO stage_result VALUES (1, 71, 79, 14030, 0, 0);
INSERT INTO stage_result VALUES (1, 217, 80, 14030, 0, 0);
INSERT INTO stage_result VALUES (1, 95, 81, 14030, 0, 0);
INSERT INTO stage_result VALUES (1, 91, 82, 14030, 0, 0);
INSERT INTO stage_result VALUES (1, 144, 83, 14030, 0, 0);
INSERT INTO stage_result VALUES (1, 115, 84, 14030, 0, 0);
INSERT INTO stage_result VALUES (1, 194, 85, 14030, 0, 0);
INSERT INTO stage_result VALUES (1, 67, 86, 14030, 0, 0);
INSERT INTO stage_result VALUES (1, 61, 87, 14030, 0, 0);
INSERT INTO stage_result VALUES (1, 184, 88, 14030, 0, 0);
INSERT INTO stage_result VALUES (1, 3, 89, 14030, 0, 0);
INSERT INTO stage_result VALUES (1, 44, 90, 14030, 0, 0);
INSERT INTO stage_result VALUES (1, 181, 91, 14030, 0, 0);
INSERT INTO stage_result VALUES (1, 158, 92, 14030, 0, 0);
INSERT INTO stage_result VALUES (1, 183, 93, 14030, 0, 0);
INSERT INTO stage_result VALUES (1, 54, 94, 14030, 0, 0);
INSERT INTO stage_result VALUES (1, 162, 95, 14030, 0, 0);
INSERT INTO stage_result VALUES (1, 114, 96, 14030, 0, 0);
INSERT INTO stage_result VALUES (1, 212, 97, 14030, 0, 0);
INSERT INTO stage_result VALUES (1, 166, 98, 14030, 0, 0);
INSERT INTO stage_result VALUES (1, 218, 99, 14030, 0, 0);
INSERT INTO stage_result VALUES (1, 63, 100, 14030, 0, 0);
INSERT INTO stage_result VALUES (1, 58, 101, 14030, 0, 0);
INSERT INTO stage_result VALUES (1, 214, 102, 14030, 0, 0);
INSERT INTO stage_result VALUES (1, 32, 103, 14030, 0, 0);
INSERT INTO stage_result VALUES (1, 127, 104, 14057, 0, 0);
INSERT INTO stage_result VALUES (1, 78, 105, 14057, 0, 0);
INSERT INTO stage_result VALUES (1, 157, 106, 14057, 0, 0);
INSERT INTO stage_result VALUES (1, 192, 107, 14057, 0, 0);
INSERT INTO stage_result VALUES (1, 56, 108, 14057, 0, 0);
INSERT INTO stage_result VALUES (1, 34, 109, 14057, 0, 0);
INSERT INTO stage_result VALUES (1, 138, 110, 14057, 0, 0);
INSERT INTO stage_result VALUES (1, 27, 111, 14057, 0, 0);
INSERT INTO stage_result VALUES (1, 86, 112, 14077, 0, 0);
INSERT INTO stage_result VALUES (1, 88, 113, 14077, 0, 0);
INSERT INTO stage_result VALUES (1, 43, 114, 14077, 0, 0);
INSERT INTO stage_result VALUES (1, 75, 115, 14084, 0, 0);
INSERT INTO stage_result VALUES (1, 82, 116, 14084, 0, 0);
INSERT INTO stage_result VALUES (1, 22, 117, 14099, 0, 0);
INSERT INTO stage_result VALUES (1, 14, 118, 14110, 0, 0);
INSERT INTO stage_result VALUES (1, 16, 119, 14030, 0, 0);
INSERT INTO stage_result VALUES (1, 74, 120, 14125, 0, 0);
INSERT INTO stage_result VALUES (1, 76, 121, 14125, 0, 0);
INSERT INTO stage_result VALUES (1, 164, 122, 14125, 0, 0);
INSERT INTO stage_result VALUES (1, 6, 123, 14137, 0, 0);
INSERT INTO stage_result VALUES (1, 53, 124, 14137, 0, 0);
INSERT INTO stage_result VALUES (1, 4, 125, 14309, 0, 0);
INSERT INTO stage_result VALUES (1, 227, 126, 14309, 0, 0);
INSERT INTO stage_result VALUES (1, 226, 127, 14309, 0, 0);
INSERT INTO stage_result VALUES (1, 96, 128, 14309, 0, 0);
INSERT INTO stage_result VALUES (1, 171, 129, 14309, 0, 0);
INSERT INTO stage_result VALUES (1, 152, 130, 14309, 0, 0);
INSERT INTO stage_result VALUES (1, 215, 131, 14309, 0, 0);
INSERT INTO stage_result VALUES (1, 136, 132, 14309, 0, 0);
INSERT INTO stage_result VALUES (1, 62, 133, 14309, 0, 0);
INSERT INTO stage_result VALUES (1, 46, 134, 14309, 0, 0);
INSERT INTO stage_result VALUES (1, 216, 135, 14309, 0, 0);
INSERT INTO stage_result VALUES (1, 48, 136, 14309, 0, 0);
INSERT INTO stage_result VALUES (1, 146, 137, 14309, 0, 0);
INSERT INTO stage_result VALUES (1, 167, 138, 14309, 0, 0);
INSERT INTO stage_result VALUES (1, 148, 139, 14309, 0, 0);
INSERT INTO stage_result VALUES (1, 137, 140, 14309, 0, 0);
INSERT INTO stage_result VALUES (1, 198, 141, 14309, 0, 0);
INSERT INTO stage_result VALUES (1, 84, 142, 14309, 0, 0);
INSERT INTO stage_result VALUES (1, 197, 143, 14309, 0, 0);
INSERT INTO stage_result VALUES (1, 176, 144, 14309, 0, 0);
INSERT INTO stage_result VALUES (1, 174, 145, 14309, 0, 0);
INSERT INTO stage_result VALUES (1, 45, 146, 14309, 0, 0);
INSERT INTO stage_result VALUES (1, 143, 147, 14309, 0, 0);
INSERT INTO stage_result VALUES (1, 135, 148, 14309, 0, 0);
INSERT INTO stage_result VALUES (1, 94, 149, 14309, 0, 0);
INSERT INTO stage_result VALUES (1, 133, 150, 14309, 0, 0);
INSERT INTO stage_result VALUES (1, 25, 151, 14309, 0, 0);
INSERT INTO stage_result VALUES (1, 185, 152, 14309, 0, 0);
INSERT INTO stage_result VALUES (1, 117, 153, 14309, 0, 0);
INSERT INTO stage_result VALUES (1, 122, 154, 14309, 0, 0);
INSERT INTO stage_result VALUES (1, 5, 155, 14309, 0, 0);
INSERT INTO stage_result VALUES (1, 8, 156, 14309, 0, 0);
INSERT INTO stage_result VALUES (1, 108, 157, 14309, 0, 0);
INSERT INTO stage_result VALUES (1, 208, 158, 14309, 0, 0);
INSERT INTO stage_result VALUES (1, 206, 159, 14309, 0, 0);
INSERT INTO stage_result VALUES (1, 121, 160, 13991, 0, 0);
INSERT INTO stage_result VALUES (1, 128, 161, 14318, 0, 0);
INSERT INTO stage_result VALUES (1, 38, 162, 13991, 0, 0);
INSERT INTO stage_result VALUES (1, 123, 163, 14382, 0, 0);
INSERT INTO stage_result VALUES (1, 18, 164, 14382, 0, 0);
INSERT INTO stage_result VALUES (1, 65, 165, 14382, 0, 0);
INSERT INTO stage_result VALUES (1, 102, 166, 14382, 0, 0);
INSERT INTO stage_result VALUES (1, 201, 167, 14382, 0, 0);
INSERT INTO stage_result VALUES (1, 178, 168, 14382, 0, 0);
INSERT INTO stage_result VALUES (1, 26, 169, 14382, 0, 0);
INSERT INTO stage_result VALUES (1, 126, 170, 14382, 0, 0);
INSERT INTO stage_result VALUES (1, 175, 171, 14382, 0, 0);
INSERT INTO stage_result VALUES (1, 173, 172, 14382, 0, 0);
INSERT INTO stage_result VALUES (1, 111, 173, 14382, 0, 0);
INSERT INTO stage_result VALUES (1, 47, 174, 14382, 0, 0);
INSERT INTO stage_result VALUES (1, 42, 175, 14382, 0, 0);
INSERT INTO stage_result VALUES (1, 147, 176, 14382, 0, 0);
INSERT INTO stage_result VALUES (1, 142, 177, 14382, 0, 0);
INSERT INTO stage_result VALUES (1, 182, 178, 14382, 0, 0);
INSERT INTO stage_result VALUES (1, 188, 179, 14382, 0, 0);
INSERT INTO stage_result VALUES (1, 83, 180, 14382, 0, 0);
INSERT INTO stage_result VALUES (1, 92, 181, 14382, 0, 0);
INSERT INTO stage_result VALUES (1, 55, 182, 14542, 0, 0);
