--
-- Group Number: 22
-- Group Members:
--   1. Moey Sean Jean
--   2. San Wei Rong, Jarren
--   3. Fang Jinfeng
--   4. Toh Jun Yee
--

CREATE TABLE IF NOT EXISTS country (
    code CHAR(3) PRIMARY KEY,
    name VARCHAR(64) NOT NULL UNIQUE,
    region VARCHAR(64) NOT NULL
);

CREATE TABLE IF NOT EXISTS team (
    name VARCHAR(64) PRIMARY KEY,
    country_code CHAR(3) NOT NULL,
    FOREIGN KEY (country_code) REFERENCES country(code) ON UPDATE CASCADE
);

CREATE TABLE IF NOT EXISTS rider (
    bib INTEGER PRIMARY KEY,
    name VARCHAR(64) NOT NULL,
    date_of_birth DATE NOT NULL,
    team_name VARCHAR(64) NOT NULL,
    country_code CHAR(3),
    FOREIGN KEY (team_name) REFERENCES team(name) ON UPDATE CASCADE,
    FOREIGN KEY (country_code) REFERENCES country(code) ON UPDATE CASCADE
);

CREATE TABLE IF NOT EXISTS location (
    name VARCHAR(64) PRIMARY KEY,
    country_code CHAR(3) NOT NULL,
    FOREIGN KEY (country_code) REFERENCES country(code) ON UPDATE CASCADE
);

CREATE TABLE IF NOT EXISTS stage (
    id INTEGER PRIMARY KEY CHECK (id >= 1),
    day DATE NOT NULL UNIQUE,
    origin VARCHAR(64) NOT NULL,
    destination VARCHAR(64) NOT NULL,
    length INTEGER NOT NULL CHECK (length > 0),
    type VARCHAR(64) NOT NULL CHECK (type IN ('flat', 'hilly', 'mountain', 'individual time-trial', 'team time-trial')),
    FOREIGN KEY (origin) REFERENCES location(name) ON UPDATE CASCADE,
    FOREIGN KEY (destination) REFERENCES location(name) ON UPDATE CASCADE
);

CREATE TABLE IF NOT EXISTS result (
    stage INTEGER NOT NULL,
    rider INTEGER NOT NULL,
    rank INTEGER NOT NULL CHECK (rank >= 1),
    finish_time INTEGER NOT NULL CHECK (finish_time > 0),
    time_bonus INTEGER NOT NULL DEFAULT 0 CHECK (time_bonus >= 0),
    time_penalty INTEGER NOT NULL DEFAULT 0 CHECK (time_penalty >= 0),
    PRIMARY KEY (stage, rider),
    FOREIGN KEY (stage) REFERENCES stage(id) ON UPDATE CASCADE,
    FOREIGN KEY (rider) REFERENCES rider(bib) ON UPDATE CASCADE,
    UNIQUE (stage, rank)
);

CREATE TABLE IF NOT EXISTS exit_reason (
    reason VARCHAR(64) PRIMARY KEY
);

CREATE TABLE IF NOT EXISTS exit (
    rider INTEGER PRIMARY KEY,
    stage INTEGER NOT NULL,
    reason VARCHAR(64) NOT NULL,
    FOREIGN KEY (rider) REFERENCES rider(bib) ON UPDATE CASCADE,
    FOREIGN KEY (stage) REFERENCES stage(id) ON UPDATE CASCADE,
    FOREIGN KEY (reason) REFERENCES exit_reason(reason) ON UPDATE CASCADE
);

INSERT INTO country VALUES ('ESP', 'Spain', 'Europe');
INSERT INTO country VALUES ('BEL', 'Belgium', 'Europe');
INSERT INTO country VALUES ('ERI', 'Eritrea', 'Africa');
INSERT INTO country VALUES ('NOR', 'Norway', 'Europe');
INSERT INTO country VALUES ('FRA', 'France', 'Europe');
INSERT INTO country VALUES ('ITA', 'Italy', 'Europe');
INSERT INTO country VALUES ('SUI', 'Switzerland', 'Europe');
INSERT INTO country VALUES ('USA', 'United States of America', 'North America');
INSERT INTO country VALUES ('NED', 'Netherlands, Kingdom of the', 'Europe');
INSERT INTO country VALUES ('GER', 'Germany', 'Europe');
INSERT INTO country VALUES ('GBR', 'United Kingdom of Great Britain and Northern Ireland', 'Europe');
INSERT INTO country VALUES ('KAZ', 'Kazakhstan', 'Asia');
INSERT INTO country VALUES ('AUS', 'Australia', 'Oceania');
INSERT INTO country VALUES ('LAT', 'Latvia', 'Europe');
INSERT INTO country VALUES ('ISR', 'Israel', 'Asia');
INSERT INTO country VALUES ('SLO', 'Slovenia', 'Europe');
INSERT INTO country VALUES ('UAE', 'United Arab Emirates', 'Asia');
INSERT INTO country VALUES ('DEN', 'Denmark', 'Europe');
INSERT INTO country VALUES ('AUT', 'Austria', 'Europe');
INSERT INTO country VALUES ('CZE', 'Czechia', 'Europe');
INSERT INTO country VALUES ('BRN', 'Bahrain', 'Asia');
INSERT INTO country VALUES ('CAN', 'Canada', 'North America');
INSERT INTO country VALUES ('POR', 'Portugal', 'Europe');
INSERT INTO country VALUES ('IRL', 'Ireland', 'Europe');
INSERT INTO country VALUES ('COL', 'Colombia', 'South America');
INSERT INTO country VALUES ('ECU', 'Ecuador', 'South America');
INSERT INTO country VALUES ('NZL', 'New Zealand', 'Oceania');
INSERT INTO country VALUES ('POL', 'Poland', 'Europe');
INSERT INTO country VALUES ('ARG', 'Argentina', 'South America');

INSERT INTO team VALUES ('ALPECIN-DECEUNINCK', 'BEL');
INSERT INTO team VALUES ('INTERMARCHÉ - WANTY', 'BEL');
INSERT INTO team VALUES ('UNO-X MOBILITY', 'NOR');
INSERT INTO team VALUES ('TOTALENERGIES', 'FRA');
INSERT INTO team VALUES ('TUDOR PRO CYCLING TEAM', 'SUI');
INSERT INTO team VALUES ('GROUPAMA-FDJ', 'FRA');
INSERT INTO team VALUES ('TEAM VISMA | LEASE A BIKE', 'NED');
INSERT INTO team VALUES ('INEOS GRENADIERS', 'GBR');
INSERT INTO team VALUES ('XDS ASTANA TEAM', 'KAZ');
INSERT INTO team VALUES ('MOVISTAR TEAM', 'ESP');
INSERT INTO team VALUES ('TEAM PICNIC POSTNL', 'NED');
INSERT INTO team VALUES ('EF EDUCATION - EASYPOST', 'USA');
INSERT INTO team VALUES ('ISRAEL - PREMIER TECH', 'ISR');
INSERT INTO team VALUES ('ARKEA-B&B HOTELS', 'FRA');
INSERT INTO team VALUES ('COFIDIS', 'FRA');
INSERT INTO team VALUES ('UAE TEAM EMIRATES XRG', 'UAE');
INSERT INTO team VALUES ('LIDL-TREK', 'USA');
INSERT INTO team VALUES ('TEAM JAYCO ALULA', 'AUS');
INSERT INTO team VALUES ('LOTTO', 'BEL');
INSERT INTO team VALUES ('RED BULL - BORA - HANSGROHE', 'GER');
INSERT INTO team VALUES ('BAHRAIN VICTORIOUS', 'BRN');
INSERT INTO team VALUES ('SOUDAL QUICK-STEP', 'BEL');
INSERT INTO team VALUES ('DECATHLON AG2R LA MONDIALE TEAM', 'FRA');

INSERT INTO rider VALUES (101, 'Jasper Philipsen', '3/2/1998', 'ALPECIN-DECEUNINCK', 'BEL');
INSERT INTO rider VALUES (41, 'Biniam Girmay', '4/2/2000', 'INTERMARCHÉ - WANTY', 'ERI');
INSERT INTO rider VALUES (228, 'Soren Waerenskjold', '3/12/2000', 'UNO-X MOBILITY', 'NOR');
INSERT INTO rider VALUES (187, 'Anthony Turgis', '5/16/1994', 'TOTALENERGIES', 'FRA');
INSERT INTO rider VALUES (118, 'Matteo Trentin', '8/2/1989', 'TUDOR PRO CYCLING TEAM', 'ITA');
INSERT INTO rider VALUES (98, 'Clément Russo', '1/20/1995', 'GROUPAMA-FDJ', 'FRA');
INSERT INTO rider VALUES (97, 'Paul Penhoet', '12/28/2001', 'GROUPAMA-FDJ', 'FRA');
INSERT INTO rider VALUES (15, 'Matteo Jorgenson', '7/1/1999', 'TEAM VISMA | LEASE A BIKE', 'USA');
INSERT INTO rider VALUES (116, 'Marius Mayrhofer', '9/18/2000', 'TUDOR PRO CYCLING TEAM', 'GER');
INSERT INTO rider VALUES (68, 'Samuel Watson', '9/24/2001', 'INEOS GRENADIERS', 'GBR');
INSERT INTO rider VALUES (177, 'Mike Teunissen', '8/25/1992', 'XDS ASTANA TEAM', 'NED');
INSERT INTO rider VALUES (145, 'Ivan Garcia Cortina', '11/20/1995', 'MOVISTAR TEAM', 'ESP');
INSERT INTO rider VALUES (196, 'Niklas Märkl', '3/3/1999', 'TEAM PICNIC POSTNL', 'GER');
INSERT INTO rider VALUES (36, 'Harrison Sweeny', '7/9/1998', 'EF EDUCATION - EASYPOST', 'AUS');
INSERT INTO rider VALUES (207, 'Krists Neilands', '8/18/1994', 'ISRAEL - PREMIER TECH', 'LAT');
INSERT INTO rider VALUES (131, 'Kévin Vauquelin', '4/26/2001', 'ARKEA-B&B HOTELS', 'FRA');
INSERT INTO rider VALUES (168, 'Damien Touze', '7/7/1996', 'COFIDIS', 'FRA');
INSERT INTO rider VALUES (1, 'Tadej Pogacar', '9/21/1998', 'UAE TEAM EMIRATES XRG', 'SLO');
INSERT INTO rider VALUES (202, 'Pascal Ackermann', '1/17/1994', 'ISRAEL - PREMIER TECH', 'GER');
INSERT INTO rider VALUES (11, 'Jonas Vingegaard', '12/10/1996', 'TEAM VISMA | LEASE A BIKE', 'DEN');
INSERT INTO rider VALUES (87, 'Jasper Stuyven', '4/17/1992', 'LIDL-TREK', 'BEL');
INSERT INTO rider VALUES (113, 'Marco Haller', '4/1/1991', 'TUDOR PRO CYCLING TEAM', 'AUT');
INSERT INTO rider VALUES (103, 'Kaden Groves', '12/23/1998', 'ALPECIN-DECEUNINCK', 'AUS');
INSERT INTO rider VALUES (33, 'Kasper Asgreen', '2/8/1995', 'EF EDUCATION - EASYPOST', 'DEN');
INSERT INTO rider VALUES (203, 'Joseph Blackmore', '2/23/2003', 'ISRAEL - PREMIER TECH', 'GBR');
INSERT INTO rider VALUES (125, 'Luka Mezgec', '6/27/1988', 'TEAM JAYCO ALULA', 'SLO');
INSERT INTO rider VALUES (13, 'Tiesj Benoot', '3/11/1994', 'TEAM VISMA | LEASE A BIKE', 'BEL');
INSERT INTO rider VALUES (106, 'Mathieu Van Der Poel', '1/19/1995', 'ALPECIN-DECEUNINCK', 'NED');
INSERT INTO rider VALUES (224, 'Stian Edvardsen-Fredheim', '3/23/2003', 'UNO-X MOBILITY', 'NOR');
INSERT INTO rider VALUES (221, 'Tobias Johannessen', '8/23/1999', 'UNO-X MOBILITY', 'NOR');
INSERT INTO rider VALUES (141, 'Enric Mas', '1/7/1995', 'MOVISTAR TEAM', 'ESP');
INSERT INTO rider VALUES (7, 'Tim Wellens', '5/10/1991', 'UAE TEAM EMIRATES XRG', 'BEL');
INSERT INTO rider VALUES (93, 'Cyril Barthe', '2/14/1996', 'GROUPAMA-FDJ', 'FRA');
INSERT INTO rider VALUES (222, 'Jonas Abrahamsen', '9/20/1995', 'UNO-X MOBILITY', 'NOR');
INSERT INTO rider VALUES (105, 'Jonas Rickaert', '2/7/1994', 'ALPECIN-DECEUNINCK', 'BEL');
INSERT INTO rider VALUES (104, 'Xandro Meurisse', '1/31/1992', 'ALPECIN-DECEUNINCK', 'BEL');
INSERT INTO rider VALUES (172, 'Davide Ballerini', '9/21/1994', 'XDS ASTANA TEAM', 'ITA');
INSERT INTO rider VALUES (12, 'Edoardo Affini', '6/24/1996', 'TEAM VISMA | LEASE A BIKE', 'ITA');
INSERT INTO rider VALUES (81, 'Jonathan Milan', '10/1/2000', 'LIDL-TREK', 'ITA');
INSERT INTO rider VALUES (211, 'Arnaud De Lie', '3/16/2002', 'LOTTO', 'BEL');
INSERT INTO rider VALUES (163, 'Bryan Coquard', '4/25/1992', 'COFIDIS', 'FRA');
INSERT INTO rider VALUES (73, 'Jordi Meeus', '7/1/1998', 'RED BULL - BORA - HANSGROHE', 'BEL');
INSERT INTO rider VALUES (193, 'Pavel Bittner', '10/29/2002', 'TEAM PICNIC POSTNL', 'CZE');
INSERT INTO rider VALUES (112, 'Alberto Dainese', '3/25/1998', 'TUDOR PRO CYCLING TEAM', 'ITA');
INSERT INTO rider VALUES (57, 'Robert Stannard', '9/16/1998', 'BAHRAIN VICTORIOUS', 'AUS');
INSERT INTO rider VALUES (52, 'Phil Bauhaus', '7/8/1994', 'BAHRAIN VICTORIOUS', 'GER');
INSERT INTO rider VALUES (24, 'Tim Merlier', '10/30/1992', 'SOUDAL QUICK-STEP', 'BEL');
INSERT INTO rider VALUES (17, 'Wout Van Aert', '9/15/1994', 'TEAM VISMA | LEASE A BIKE', 'BEL');
INSERT INTO rider VALUES (77, 'Danny Van Poppel', '7/26/1993', 'RED BULL - BORA - HANSGROHE', 'NED');
INSERT INTO rider VALUES (35, 'Neilson Powless', '9/3/1996', 'EF EDUCATION - EASYPOST', 'USA');
INSERT INTO rider VALUES (225, 'Markus Hoelgaard', '10/4/1994', 'UNO-X MOBILITY', 'NOR');
INSERT INTO rider VALUES (153, 'Clément Berthet', '8/2/1997', 'DECATHLON AG2R LA MONDIALE TEAM', 'FRA');
INSERT INTO rider VALUES (195, 'Tobias Lund Andresen', '2/8/2002', 'TEAM PICNIC POSTNL', 'DEN');
INSERT INTO rider VALUES (85, 'Mattias Skjelmose', '9/26/2000', 'LIDL-TREK', 'DEN');
INSERT INTO rider VALUES (213, 'Jasper De Buyst', '11/24/1993', 'LOTTO', 'BEL');
INSERT INTO rider VALUES (161, 'Emanuel Buchmann', '11/18/1992', 'COFIDIS', 'GER');
INSERT INTO rider VALUES (204, 'Guillaume Boivin', '5/25/1989', 'ISRAEL - PREMIER TECH', 'CAN');
INSERT INTO rider VALUES (2, 'Joao Almeida', '8/5/1998', 'UAE TEAM EMIRATES XRG', 'POR');
INSERT INTO rider VALUES (132, 'Amaury Capiot', '6/25/1993', 'ARKEA-B&B HOTELS', 'BEL');
INSERT INTO rider VALUES (124, 'Dylan Groenewegen', '6/21/1993', 'TEAM JAYCO ALULA', 'NED');
INSERT INTO rider VALUES (223, 'Magnus Cort Nielsen', '1/16/1993', 'UNO-X MOBILITY', 'DEN');
INSERT INTO rider VALUES (134, 'Arnaud Demare', '8/26/1991', 'ARKEA-B&B HOTELS', 'FRA');
INSERT INTO rider VALUES (165, 'Alexis Renard', '6/1/1999', 'COFIDIS', 'FRA');
INSERT INTO rider VALUES (31, 'Ben Healy', '9/11/2000', 'EF EDUCATION - EASYPOST', 'IRL');
INSERT INTO rider VALUES (205, 'Matis Louvel', '7/19/1999', 'ISRAEL - PREMIER TECH', 'FRA');
INSERT INTO rider VALUES (156, 'Aurélien Paret Peintre', '2/27/1996', 'DECATHLON AG2R LA MONDIALE TEAM', 'FRA');
INSERT INTO rider VALUES (21, 'Remco Evenepoel', '1/25/2000', 'SOUDAL QUICK-STEP', 'BEL');
INSERT INTO rider VALUES (186, 'Jordan Jegat', '6/7/1999', 'TOTALENERGIES', 'FRA');
INSERT INTO rider VALUES (66, 'Carlos Rodriguez', '2/2/2001', 'INEOS GRENADIERS', 'ESP');
INSERT INTO rider VALUES (107, 'Gianni Vermeersch', '11/19/1992', 'ALPECIN-DECEUNINCK', 'BEL');
INSERT INTO rider VALUES (51, 'Santiago Buitrago', '9/26/1999', 'BAHRAIN VICTORIOUS', 'COL');
INSERT INTO rider VALUES (37, 'Michael Valgren', '2/7/1992', 'EF EDUCATION - EASYPOST', 'DEN');
INSERT INTO rider VALUES (155, 'Oliver Naesen', '9/16/1990', 'DECATHLON AG2R LA MONDIALE TEAM', 'BEL');
INSERT INTO rider VALUES (191, 'Oscar Onley', '10/13/2002', 'TEAM PICNIC POSTNL', 'GBR');
INSERT INTO rider VALUES (151, 'Félix Gall', '2/27/1998', 'DECATHLON AG2R LA MONDIALE TEAM', 'AUT');
INSERT INTO rider VALUES (28, 'Ilan Van Wilder', '5/14/2000', 'SOUDAL QUICK-STEP', 'BEL');
INSERT INTO rider VALUES (23, 'Pascal Eenkhoorn', '2/8/1997', 'SOUDAL QUICK-STEP', 'NED');
INSERT INTO rider VALUES (72, 'Florian Lipowitz', '9/21/2000', 'RED BULL - BORA - HANSGROHE', 'GER');
INSERT INTO rider VALUES (71, 'Primoz Roglic', '10/29/1989', 'RED BULL - BORA - HANSGROHE', 'SLO');
INSERT INTO rider VALUES (217, 'Lennert Van Eetvelt', '7/17/2001', 'LOTTO', 'BEL');
INSERT INTO rider VALUES (95, 'Valentin Madouas', '7/12/1996', 'GROUPAMA-FDJ', 'FRA');
INSERT INTO rider VALUES (91, 'Guillaume Martin Guyonnet', '6/9/1993', 'GROUPAMA-FDJ', 'FRA');
INSERT INTO rider VALUES (144, 'Nelson Oliveira', '3/6/1989', 'MOVISTAR TEAM', 'POR');
INSERT INTO rider VALUES (115, 'Fabian Lienhard', '9/3/1993', 'TUDOR PRO CYCLING TEAM', 'SUI');
INSERT INTO rider VALUES (194, 'Sean Flynn', '3/2/2000', 'TEAM PICNIC POSTNL', 'GBR');
INSERT INTO rider VALUES (67, 'Connor Swift', '10/30/1995', 'INEOS GRENADIERS', 'GBR');
INSERT INTO rider VALUES (61, 'Geraint Thomas', '5/25/1986', 'INEOS GRENADIERS', 'GBR');
INSERT INTO rider VALUES (184, 'Thomas Gachignard', '8/17/2000', 'TOTALENERGIES', 'FRA');
INSERT INTO rider VALUES (3, 'Jhonatan Narvaez', '3/4/1997', 'UAE TEAM EMIRATES XRG', 'ECU');
INSERT INTO rider VALUES (44, 'Hugo Page', '7/24/2001', 'INTERMARCHÉ - WANTY', 'FRA');
INSERT INTO rider VALUES (181, 'Steff Cras', '2/13/1996', 'TOTALENERGIES', 'BEL');
INSERT INTO rider VALUES (158, 'Bastien Tronchon', '3/29/2002', 'DECATHLON AG2R LA MONDIALE TEAM', 'FRA');
INSERT INTO rider VALUES (183, 'Alexandre Delettre', '10/25/1997', 'TOTALENERGIES', 'FRA');
INSERT INTO rider VALUES (54, 'Jack Haig', '9/6/1993', 'BAHRAIN VICTORIOUS', 'AUS');
INSERT INTO rider VALUES (162, 'Alex Aranburu', '9/19/1995', 'COFIDIS', 'ESP');
INSERT INTO rider VALUES (114, 'Marc Hirschi', '8/24/1998', 'TUDOR PRO CYCLING TEAM', 'SUI');
INSERT INTO rider VALUES (212, 'Jenno Berckmoes', '2/4/2001', 'LOTTO', 'BEL');
INSERT INTO rider VALUES (166, 'Dylan Teuns', '3/1/1992', 'COFIDIS', 'BEL');
INSERT INTO rider VALUES (218, 'Brent Van Moer', '1/12/1998', 'LOTTO', 'BEL');
INSERT INTO rider VALUES (63, 'Tobias Foss', '5/25/1997', 'INEOS GRENADIERS', 'NOR');
INSERT INTO rider VALUES (58, 'Fred Wright', '6/13/1999', 'BAHRAIN VICTORIOUS', 'GBR');
INSERT INTO rider VALUES (214, 'Jarrad Drizners', '5/31/1999', 'LOTTO', 'AUS');
INSERT INTO rider VALUES (32, 'Vincenzo Albanese', '11/12/1996', 'EF EDUCATION - EASYPOST', 'ITA');
INSERT INTO rider VALUES (127, 'Elmar Reinders', '3/14/1992', 'TEAM JAYCO ALULA', 'NED');
INSERT INTO rider VALUES (78, 'Aleksandr Vlasov', '4/23/1996', 'RED BULL - BORA - HANSGROHE', NULL);
INSERT INTO rider VALUES (157, 'Callum Scotson', '8/10/1996', 'DECATHLON AG2R LA MONDIALE TEAM', 'AUS');
INSERT INTO rider VALUES (192, 'Warren Barguil', '10/28/1991', 'TEAM PICNIC POSTNL', 'FRA');
INSERT INTO rider VALUES (56, 'Matej Mohoric', '10/19/1994', 'BAHRAIN VICTORIOUS', 'SLO');
INSERT INTO rider VALUES (34, 'Alex Baudin', '5/25/2001', 'EF EDUCATION - EASYPOST', 'FRA');
INSERT INTO rider VALUES (138, 'Clément Venturini', '10/16/1993', 'ARKEA-B&B HOTELS', 'FRA');
INSERT INTO rider VALUES (27, 'Bert Van Lerberghe', '9/29/1992', 'SOUDAL QUICK-STEP', 'BEL');
INSERT INTO rider VALUES (86, 'Toms Skujins', '6/15/1991', 'LIDL-TREK', 'LAT');
INSERT INTO rider VALUES (88, 'Edward Theuns', '4/30/1991', 'LIDL-TREK', 'BEL');
INSERT INTO rider VALUES (43, 'Vito Braet', '11/2/2000', 'INTERMARCHÉ - WANTY', 'BEL');
INSERT INTO rider VALUES (75, 'Laurence Pithie', '7/17/2002', 'RED BULL - BORA - HANSGROHE', 'NZL');
INSERT INTO rider VALUES (82, 'Simone Consonni', '9/12/1994', 'LIDL-TREK', 'ITA');
INSERT INTO rider VALUES (22, 'Mattia Cattaneo', '10/25/1990', 'SOUDAL QUICK-STEP', 'ITA');
INSERT INTO rider VALUES (14, 'Victor Campenaerts', '10/28/1991', 'TEAM VISMA | LEASE A BIKE', 'BEL');
INSERT INTO rider VALUES (16, 'Sepp Kuss', '9/13/1994', 'TEAM VISMA | LEASE A BIKE', 'USA');
INSERT INTO rider VALUES (74, 'Gianni Moscon', '4/20/1994', 'RED BULL - BORA - HANSGROHE', 'ITA');
INSERT INTO rider VALUES (76, 'Mick Van Dijke', '3/15/2000', 'RED BULL - BORA - HANSGROHE', 'NED');
INSERT INTO rider VALUES (164, 'Ion Izagirre', '2/4/1989', 'COFIDIS', 'ESP');
INSERT INTO rider VALUES (6, 'Marc Soler', '11/22/1993', 'UAE TEAM EMIRATES XRG', 'ESP');
INSERT INTO rider VALUES (53, 'Kamil Gradek', '9/17/1990', 'BAHRAIN VICTORIOUS', 'POL');
INSERT INTO rider VALUES (4, 'Nils Politt', '3/6/1994', 'UAE TEAM EMIRATES XRG', 'GER');
INSERT INTO rider VALUES (227, 'Andreas Leknessund', '5/21/1999', 'UNO-X MOBILITY', 'NOR');
INSERT INTO rider VALUES (226, 'Anders Johannessen', '8/23/1999', 'UNO-X MOBILITY', 'NOR');
INSERT INTO rider VALUES (96, 'Quentin Pacher', '1/6/1992', 'GROUPAMA-FDJ', 'FRA');
INSERT INTO rider VALUES (171, 'Harold Tejada', '4/27/1997', 'XDS ASTANA TEAM', 'COL');
INSERT INTO rider VALUES (152, 'Bruno Armirail', '4/11/1994', 'DECATHLON AG2R LA MONDIALE TEAM', 'FRA');
INSERT INTO rider VALUES (215, 'Sébastien Grignard', '4/29/1999', 'LOTTO', 'BEL');
INSERT INTO rider VALUES (136, 'Mathis Le Berre', '4/16/2001', 'ARKEA-B&B HOTELS', 'FRA');
INSERT INTO rider VALUES (62, 'Thymen Arensman', '12/4/1999', 'INEOS GRENADIERS', 'NED');
INSERT INTO rider VALUES (46, 'Jonas Rutsch', '1/24/1998', 'INTERMARCHÉ - WANTY', 'GER');
INSERT INTO rider VALUES (216, 'Eduardo Sepulveda', '6/13/1991', 'LOTTO', 'ARG');
INSERT INTO rider VALUES (48, 'Georg Zimmermann', '10/11/1997', 'INTERMARCHÉ - WANTY', 'GER');
INSERT INTO rider VALUES (146, 'Gregor Mühlberger', '4/4/1994', 'MOVISTAR TEAM', 'AUT');
INSERT INTO rider VALUES (167, 'Benjamin Thomas', '9/12/1995', 'COFIDIS', 'FRA');
INSERT INTO rider VALUES (148, 'Einer Rubio Reyes', '2/22/1998', 'MOVISTAR TEAM', 'COL');
INSERT INTO rider VALUES (137, 'Cristian Rodriguez', '3/3/1995', 'ARKEA-B&B HOTELS', 'ESP');
INSERT INTO rider VALUES (198, 'Frank Van Den Broek', '12/28/2000', 'TEAM PICNIC POSTNL', 'NED');
INSERT INTO rider VALUES (84, 'Quinn Simmons', '5/8/2001', 'LIDL-TREK', 'USA');
INSERT INTO rider VALUES (197, 'Tim Naberman', '5/11/1999', 'TEAM PICNIC POSTNL', 'NED');
INSERT INTO rider VALUES (176, 'Sergio Higuita', '8/1/1997', 'XDS ASTANA TEAM', 'COL');
INSERT INTO rider VALUES (174, 'Clément Champoussin', '5/29/1998', 'XDS ASTANA TEAM', 'FRA');
INSERT INTO rider VALUES (45, 'Laurenz Rex', '12/15/1999', 'INTERMARCHÉ - WANTY', 'BEL');
INSERT INTO rider VALUES (143, 'Pablo Castrillo Zapater', '1/2/2001', 'MOVISTAR TEAM', 'ESP');
INSERT INTO rider VALUES (135, 'Raul Garcia Pierna', '2/23/2001', 'ARKEA-B&B HOTELS', 'ESP');
INSERT INTO rider VALUES (94, 'Romain Gregoire', '1/21/2003', 'GROUPAMA-FDJ', 'FRA');
INSERT INTO rider VALUES (133, 'Ewen Costiou', '11/10/2002', 'ARKEA-B&B HOTELS', 'FRA');
INSERT INTO rider VALUES (25, 'Valentin Paret Peintre', '1/14/2001', 'SOUDAL QUICK-STEP', 'FRA');
INSERT INTO rider VALUES (185, 'Emilien Jeanniere', '9/26/1998', 'TOTALENERGIES', 'FRA');
INSERT INTO rider VALUES (117, 'Michael Storer', '2/28/1997', 'TUDOR PRO CYCLING TEAM', 'AUS');
INSERT INTO rider VALUES (122, 'Edward Dunbar', '9/1/1996', 'TEAM JAYCO ALULA', 'IRL');
INSERT INTO rider VALUES (5, 'Pavel Sivakov', '7/11/1997', 'UAE TEAM EMIRATES XRG', 'FRA');
INSERT INTO rider VALUES (8, 'Adam Yates', '8/7/1992', 'UAE TEAM EMIRATES XRG', 'GBR');
INSERT INTO rider VALUES (108, 'Emiel Verstrynge', '2/4/2002', 'ALPECIN-DECEUNINCK', 'BEL');
INSERT INTO rider VALUES (208, 'Jake Stewart', '10/2/1999', 'ISRAEL - PREMIER TECH', 'GBR');
INSERT INTO rider VALUES (206, 'Alexey Lutsenko', '9/7/1992', 'ISRAEL - PREMIER TECH', 'KAZ');
INSERT INTO rider VALUES (121, 'Ben O''Connor', '11/25/1995', 'TEAM JAYCO ALULA', 'AUS');
INSERT INTO rider VALUES (128, 'Mauro Schmid', '12/4/1999', 'TEAM JAYCO ALULA', 'SUI');
INSERT INTO rider VALUES (38, 'Marijn Van Den Berg', '7/19/1999', 'EF EDUCATION - EASYPOST', 'NED');
INSERT INTO rider VALUES (123, 'Luke Durbridge', '4/9/1991', 'TEAM JAYCO ALULA', 'AUS');
INSERT INTO rider VALUES (18, 'Simon Yates', '8/7/1992', 'TEAM VISMA | LEASE A BIKE', 'GBR');
INSERT INTO rider VALUES (65, 'Axel Laurance', '4/13/2001', 'INEOS GRENADIERS', 'FRA');
INSERT INTO rider VALUES (102, 'Silvan Dillier', '8/3/1990', 'ALPECIN-DECEUNINCK', 'SUI');
INSERT INTO rider VALUES (201, 'Michael Woods', '10/12/1986', 'ISRAEL - PREMIER TECH', 'CAN');
INSERT INTO rider VALUES (178, 'Simone Velasco', '12/2/1995', 'XDS ASTANA TEAM', 'ITA');
INSERT INTO rider VALUES (26, 'Maximilian Schachmann', '1/9/1994', 'SOUDAL QUICK-STEP', 'GER');
INSERT INTO rider VALUES (126, 'Luke Plapp', '12/25/2000', 'TEAM JAYCO ALULA', 'AUS');
INSERT INTO rider VALUES (175, 'Yevgeniy Fedorov', '2/16/2000', 'XDS ASTANA TEAM', 'KAZ');
INSERT INTO rider VALUES (173, 'Cees Bol', '7/27/1995', 'XDS ASTANA TEAM', 'NED');
INSERT INTO rider VALUES (111, 'Julian Alaphilippe', '6/11/1992', 'TUDOR PRO CYCLING TEAM', 'FRA');
INSERT INTO rider VALUES (47, 'Roel Van Sintmaartensdijk', '5/8/2001', 'INTERMARCHÉ - WANTY', 'NED');
INSERT INTO rider VALUES (42, 'Louis Barre', '4/6/2000', 'INTERMARCHÉ - WANTY', 'FRA');
INSERT INTO rider VALUES (147, 'Ivan Romeo Abad', '8/16/2003', 'MOVISTAR TEAM', 'ESP');
INSERT INTO rider VALUES (142, 'William Barta', '1/4/1996', 'MOVISTAR TEAM', 'USA');
INSERT INTO rider VALUES (182, 'Mathieu Burgaudeau', '11/17/1998', 'TOTALENERGIES', 'FRA');
INSERT INTO rider VALUES (188, 'Matteo Vercher', '1/26/2001', 'TOTALENERGIES', 'FRA');
INSERT INTO rider VALUES (83, 'Thibau Nys', '11/12/2002', 'LIDL-TREK', 'BEL');
INSERT INTO rider VALUES (92, 'Lewis Askey', '5/4/2001', 'GROUPAMA-FDJ', 'GBR');
INSERT INTO rider VALUES (55, 'Lenny Martinez', '7/11/2003', 'BAHRAIN VICTORIOUS', 'FRA');

INSERT INTO location VALUES ('Barcelona', 'ESP');
INSERT INTO location VALUES ('Tarragona', 'ESP');
INSERT INTO location VALUES ('Granollers', 'ESP');
INSERT INTO location VALUES ('Les Angles', 'FRA');
INSERT INTO location VALUES ('Carcassonne', 'FRA');
INSERT INTO location VALUES ('Foix', 'FRA');
INSERT INTO location VALUES ('Lannemezan', 'FRA');
INSERT INTO location VALUES ('Pau', 'FRA');
INSERT INTO location VALUES ('Gavarnie-Gèdre', 'FRA');
INSERT INTO location VALUES ('Hagetmau', 'FRA');
INSERT INTO location VALUES ('Bordeaux', 'FRA');
INSERT INTO location VALUES ('Périgueux', 'FRA');
INSERT INTO location VALUES ('Bergerac', 'FRA');
INSERT INTO location VALUES ('Malemort', 'FRA');
INSERT INTO location VALUES ('Ussel', 'FRA');
INSERT INTO location VALUES ('Aurillac', 'FRA');
INSERT INTO location VALUES ('Le Lioran', 'FRA');
INSERT INTO location VALUES ('Vichy', 'FRA');
INSERT INTO location VALUES ('Nièvre', 'FRA');
INSERT INTO location VALUES ('Circuit de Nevers Magny-Cours', 'FRA');
INSERT INTO location VALUES ('Chalon-sur-Saône', 'FRA');
INSERT INTO location VALUES ('Dole', 'FRA');
INSERT INTO location VALUES ('Belfort', 'FRA');
INSERT INTO location VALUES ('Mulhouse', 'FRA');
INSERT INTO location VALUES ('Le Markstein Fellering', 'FRA');
INSERT INTO location VALUES ('Champagnole', 'FRA');
INSERT INTO location VALUES ('Plateau de Solaison', 'FRA');
INSERT INTO location VALUES ('Évian-les-Bains', 'FRA');
INSERT INTO location VALUES ('Thonon-les-Bains', 'FRA');
INSERT INTO location VALUES ('Chambery', 'FRA');
INSERT INTO location VALUES ('Voiron', 'FRA');
INSERT INTO location VALUES ('Orcières-Merlette', 'FRA');
INSERT INTO location VALUES ('Gap', 'FRA');
INSERT INTO location VALUES ('Alpe d''Huez', 'FRA');
INSERT INTO location VALUES ('Le Bourg d''Oisans', 'FRA');
INSERT INTO location VALUES ('Thoiry', 'FRA');
INSERT INTO location VALUES ('Paris Champs-Élysées', 'FRA');

INSERT INTO stage VALUES (1, '7/4/2025', 'Barcelona', 'Barcelona', 19, 'team time-trial');
INSERT INTO stage VALUES (2, '7/5/2025', 'Tarragona', 'Barcelona', 182, 'hilly');
INSERT INTO stage VALUES (3, '7/6/2025', 'Granollers', 'Les Angles', 196, 'mountain');
INSERT INTO stage VALUES (4, '7/7/2025', 'Carcassonne', 'Foix', 182, 'hilly');
INSERT INTO stage VALUES (5, '7/8/2025', 'Lannemezan', 'Pau', 158, 'flat');
INSERT INTO stage VALUES (6, '7/9/2025', 'Pau', 'Gavarnie-Gèdre', 186, 'mountain');
INSERT INTO stage VALUES (7, '7/10/2025', 'Hagetmau', 'Bordeaux', 175, 'flat');
INSERT INTO stage VALUES (8, '7/11/2025', 'Périgueux', 'Bergerac', 182, 'flat');
INSERT INTO stage VALUES (9, '7/12/2025', 'Malemort', 'Ussel', 185, 'hilly');
INSERT INTO stage VALUES (10, '7/14/2025', 'Aurillac', 'Le Lioran', 167, 'mountain');
INSERT INTO stage VALUES (11, '7/15/2025', 'Vichy', 'Nièvre', 161, 'flat');
INSERT INTO stage VALUES (12, '7/16/2025', 'Circuit de Nevers Magny-Cours', 'Chalon-sur-Saône', 181, 'flat');
INSERT INTO stage VALUES (13, '7/17/2025', 'Dole', 'Belfort', 205, 'hilly');
INSERT INTO stage VALUES (14, '7/18/2025', 'Mulhouse', 'Le Markstein Fellering', 155, 'mountain');
INSERT INTO stage VALUES (15, '7/19/2025', 'Champagnole', 'Plateau de Solaison', 184, 'mountain');
INSERT INTO stage VALUES (16, '7/21/2025', 'Évian-les-Bains', 'Thonon-les-Bains', 26, 'individual time-trial');
INSERT INTO stage VALUES (17, '7/22/2025', 'Chambery', 'Voiron', 175, 'flat');
INSERT INTO stage VALUES (18, '7/23/2025', 'Voiron', 'Orcières-Merlette', 185, 'mountain');
INSERT INTO stage VALUES (19, '7/24/2025', 'Gap', 'Alpe d''Huez', 128, 'mountain');
INSERT INTO stage VALUES (20, '7/25/2025', 'Le Bourg d''Oisans', 'Alpe d''Huez', 171, 'mountain');
INSERT INTO stage VALUES (21, '7/26/2025', 'Thoiry', 'Paris Champs-Élysées', 130, 'flat');

INSERT INTO result VALUES (1, 101, 1, 13991, 10, 0);
INSERT INTO result VALUES (1, 41, 2, 13991, 6, 0);
INSERT INTO result VALUES (1, 228, 3, 13991, 4, 0);
INSERT INTO result VALUES (1, 187, 4, 13991, 0, 0);
INSERT INTO result VALUES (1, 118, 5, 13991, 0, 0);
INSERT INTO result VALUES (1, 98, 6, 13991, 0, 0);
INSERT INTO result VALUES (1, 97, 7, 13991, 0, 0);
INSERT INTO result VALUES (1, 15, 8, 13991, 0, 0);
INSERT INTO result VALUES (1, 116, 9, 13991, 0, 0);
INSERT INTO result VALUES (1, 68, 10, 13991, 0, 0);
INSERT INTO result VALUES (1, 177, 11, 13991, 0, 0);
INSERT INTO result VALUES (1, 145, 12, 13991, 0, 0);
INSERT INTO result VALUES (1, 196, 13, 13991, 0, 0);
INSERT INTO result VALUES (1, 36, 14, 13991, 0, 0);
INSERT INTO result VALUES (1, 207, 15, 13991, 0, 0);
INSERT INTO result VALUES (1, 131, 16, 13991, 0, 0);
INSERT INTO result VALUES (1, 168, 17, 13991, 0, 0);
INSERT INTO result VALUES (1, 1, 18, 13991, 0, 0);
INSERT INTO result VALUES (1, 202, 19, 13991, 0, 0);
INSERT INTO result VALUES (1, 11, 20, 13991, 0, 0);
INSERT INTO result VALUES (1, 87, 21, 13991, 0, 0);
INSERT INTO result VALUES (1, 113, 22, 13991, 0, 0);
INSERT INTO result VALUES (1, 103, 23, 13991, 0, 0);
INSERT INTO result VALUES (1, 33, 24, 13991, 0, 0);
INSERT INTO result VALUES (1, 203, 25, 13991, 0, 0);
INSERT INTO result VALUES (1, 125, 26, 13991, 0, 0);
INSERT INTO result VALUES (1, 13, 27, 13991, 0, 0);
INSERT INTO result VALUES (1, 106, 28, 13991, 0, 0);
INSERT INTO result VALUES (1, 224, 29, 13991, 0, 0);
INSERT INTO result VALUES (1, 221, 30, 13991, 0, 0);
INSERT INTO result VALUES (1, 141, 31, 13991, 0, 0);
INSERT INTO result VALUES (1, 7, 32, 13991, 0, 0);
INSERT INTO result VALUES (1, 93, 33, 13991, 0, 0);
INSERT INTO result VALUES (1, 222, 34, 14004, 0, 0);
INSERT INTO result VALUES (1, 105, 35, 14004, 0, 0);
INSERT INTO result VALUES (1, 104, 36, 14004, 0, 0);
INSERT INTO result VALUES (1, 172, 37, 14011, 0, 0);
INSERT INTO result VALUES (1, 12, 38, 14016, 0, 0);
INSERT INTO result VALUES (1, 81, 39, 14030, 0, 0);
INSERT INTO result VALUES (1, 211, 40, 14030, 0, 0);
INSERT INTO result VALUES (1, 163, 41, 14030, 0, 0);
INSERT INTO result VALUES (1, 73, 42, 14030, 0, 0);
INSERT INTO result VALUES (1, 193, 43, 14030, 0, 0);
INSERT INTO result VALUES (1, 112, 44, 14030, 0, 0);
INSERT INTO result VALUES (1, 57, 45, 14030, 0, 0);
INSERT INTO result VALUES (1, 52, 46, 14030, 0, 0);
INSERT INTO result VALUES (1, 24, 47, 14030, 0, 0);
INSERT INTO result VALUES (1, 17, 48, 14030, 0, 0);
INSERT INTO result VALUES (1, 77, 49, 14030, 0, 0);
INSERT INTO result VALUES (1, 35, 50, 14030, 0, 0);
INSERT INTO result VALUES (1, 225, 51, 14030, 0, 0);
INSERT INTO result VALUES (1, 153, 52, 14030, 0, 0);
INSERT INTO result VALUES (1, 195, 53, 14030, 0, 0);
INSERT INTO result VALUES (1, 85, 54, 14030, 0, 0);
INSERT INTO result VALUES (1, 213, 55, 14030, 0, 0);
INSERT INTO result VALUES (1, 161, 56, 14030, 0, 0);
INSERT INTO result VALUES (1, 204, 57, 14030, 0, 0);
INSERT INTO result VALUES (1, 2, 58, 14030, 0, 0);
INSERT INTO result VALUES (1, 132, 59, 14030, 0, 0);
INSERT INTO result VALUES (1, 124, 60, 14030, 0, 0);
INSERT INTO result VALUES (1, 223, 61, 14030, 0, 0);
INSERT INTO result VALUES (1, 134, 62, 14030, 0, 0);
INSERT INTO result VALUES (1, 165, 63, 14030, 0, 0);
INSERT INTO result VALUES (1, 31, 64, 14030, 0, 0);
INSERT INTO result VALUES (1, 205, 65, 14030, 0, 0);
INSERT INTO result VALUES (1, 156, 66, 14030, 0, 0);
INSERT INTO result VALUES (1, 21, 67, 14030, 0, 0);
INSERT INTO result VALUES (1, 186, 68, 14030, 0, 0);
INSERT INTO result VALUES (1, 66, 69, 14030, 0, 0);
INSERT INTO result VALUES (1, 107, 70, 14030, 0, 0);
INSERT INTO result VALUES (1, 51, 71, 14030, 0, 0);
INSERT INTO result VALUES (1, 37, 72, 14030, 0, 0);
INSERT INTO result VALUES (1, 155, 73, 14030, 0, 0);
INSERT INTO result VALUES (1, 191, 74, 14030, 0, 0);
INSERT INTO result VALUES (1, 151, 75, 14030, 0, 0);
INSERT INTO result VALUES (1, 28, 76, 14030, 0, 0);
INSERT INTO result VALUES (1, 23, 77, 14030, 0, 0);
INSERT INTO result VALUES (1, 72, 78, 14030, 0, 0);
INSERT INTO result VALUES (1, 71, 79, 14030, 0, 0);
INSERT INTO result VALUES (1, 217, 80, 14030, 0, 0);
INSERT INTO result VALUES (1, 95, 81, 14030, 0, 0);
INSERT INTO result VALUES (1, 91, 82, 14030, 0, 0);
INSERT INTO result VALUES (1, 144, 83, 14030, 0, 0);
INSERT INTO result VALUES (1, 115, 84, 14030, 0, 0);
INSERT INTO result VALUES (1, 194, 85, 14030, 0, 0);
INSERT INTO result VALUES (1, 67, 86, 14030, 0, 0);
INSERT INTO result VALUES (1, 61, 87, 14030, 0, 0);
INSERT INTO result VALUES (1, 184, 88, 14030, 0, 0);
INSERT INTO result VALUES (1, 3, 89, 14030, 0, 0);
INSERT INTO result VALUES (1, 44, 90, 14030, 0, 0);
INSERT INTO result VALUES (1, 181, 91, 14030, 0, 0);
INSERT INTO result VALUES (1, 158, 92, 14030, 0, 0);
INSERT INTO result VALUES (1, 183, 93, 14030, 0, 0);
INSERT INTO result VALUES (1, 54, 94, 14030, 0, 0);
INSERT INTO result VALUES (1, 162, 95, 14030, 0, 0);
INSERT INTO result VALUES (1, 114, 96, 14030, 0, 0);
INSERT INTO result VALUES (1, 212, 97, 14030, 0, 0);
INSERT INTO result VALUES (1, 166, 98, 14030, 0, 0);
INSERT INTO result VALUES (1, 218, 99, 14030, 0, 0);
INSERT INTO result VALUES (1, 63, 100, 14030, 0, 0);
INSERT INTO result VALUES (1, 58, 101, 14030, 0, 0);
INSERT INTO result VALUES (1, 214, 102, 14030, 0, 0);
INSERT INTO result VALUES (1, 32, 103, 14030, 0, 0);
INSERT INTO result VALUES (1, 127, 104, 14057, 0, 0);
INSERT INTO result VALUES (1, 78, 105, 14057, 0, 0);
INSERT INTO result VALUES (1, 157, 106, 14057, 0, 0);
INSERT INTO result VALUES (1, 192, 107, 14057, 0, 0);
INSERT INTO result VALUES (1, 56, 108, 14057, 0, 0);
INSERT INTO result VALUES (1, 34, 109, 14057, 0, 0);
INSERT INTO result VALUES (1, 138, 110, 14057, 0, 0);
INSERT INTO result VALUES (1, 27, 111, 14057, 0, 0);
INSERT INTO result VALUES (1, 86, 112, 14077, 0, 0);
INSERT INTO result VALUES (1, 88, 113, 14077, 0, 0);
INSERT INTO result VALUES (1, 43, 114, 14077, 0, 0);
INSERT INTO result VALUES (1, 75, 115, 14084, 0, 0);
INSERT INTO result VALUES (1, 82, 116, 14084, 0, 0);
INSERT INTO result VALUES (1, 22, 117, 14099, 0, 0);
INSERT INTO result VALUES (1, 14, 118, 14110, 0, 0);
INSERT INTO result VALUES (1, 16, 119, 14030, 0, 0);
INSERT INTO result VALUES (1, 74, 120, 14125, 0, 0);
INSERT INTO result VALUES (1, 76, 121, 14125, 0, 0);
INSERT INTO result VALUES (1, 164, 122, 14125, 0, 0);
INSERT INTO result VALUES (1, 6, 123, 14137, 0, 0);
INSERT INTO result VALUES (1, 53, 124, 14137, 0, 0);
INSERT INTO result VALUES (1, 4, 125, 14309, 0, 0);
INSERT INTO result VALUES (1, 227, 126, 14309, 0, 0);
INSERT INTO result VALUES (1, 226, 127, 14309, 0, 0);
INSERT INTO result VALUES (1, 96, 128, 14309, 0, 0);
INSERT INTO result VALUES (1, 171, 129, 14309, 0, 0);
INSERT INTO result VALUES (1, 152, 130, 14309, 0, 0);
INSERT INTO result VALUES (1, 215, 131, 14309, 0, 0);
INSERT INTO result VALUES (1, 136, 132, 14309, 0, 0);
INSERT INTO result VALUES (1, 62, 133, 14309, 0, 0);
INSERT INTO result VALUES (1, 46, 134, 14309, 0, 0);
INSERT INTO result VALUES (1, 216, 135, 14309, 0, 0);
INSERT INTO result VALUES (1, 48, 136, 14309, 0, 0);
INSERT INTO result VALUES (1, 146, 137, 14309, 0, 0);
INSERT INTO result VALUES (1, 167, 138, 14309, 0, 0);
INSERT INTO result VALUES (1, 148, 139, 14309, 0, 0);
INSERT INTO result VALUES (1, 137, 140, 14309, 0, 0);
INSERT INTO result VALUES (1, 198, 141, 14309, 0, 0);
INSERT INTO result VALUES (1, 84, 142, 14309, 0, 0);
INSERT INTO result VALUES (1, 197, 143, 14309, 0, 0);
INSERT INTO result VALUES (1, 176, 144, 14309, 0, 0);
INSERT INTO result VALUES (1, 174, 145, 14309, 0, 0);
INSERT INTO result VALUES (1, 45, 146, 14309, 0, 0);
INSERT INTO result VALUES (1, 143, 147, 14309, 0, 0);
INSERT INTO result VALUES (1, 135, 148, 14309, 0, 0);
INSERT INTO result VALUES (1, 94, 149, 14309, 0, 0);
INSERT INTO result VALUES (1, 133, 150, 14309, 0, 0);
INSERT INTO result VALUES (1, 25, 151, 14309, 0, 0);
INSERT INTO result VALUES (1, 185, 152, 14309, 0, 0);
INSERT INTO result VALUES (1, 117, 153, 14309, 0, 0);
INSERT INTO result VALUES (1, 122, 154, 14309, 0, 0);
INSERT INTO result VALUES (1, 5, 155, 14309, 0, 0);
INSERT INTO result VALUES (1, 8, 156, 14309, 0, 0);
INSERT INTO result VALUES (1, 108, 157, 14309, 0, 0);
INSERT INTO result VALUES (1, 208, 158, 14309, 0, 0);
INSERT INTO result VALUES (1, 206, 159, 14309, 0, 0);
INSERT INTO result VALUES (1, 121, 160, 13991, 0, 0);
INSERT INTO result VALUES (1, 128, 161, 14318, 0, 0);
INSERT INTO result VALUES (1, 38, 162, 13991, 0, 0);
INSERT INTO result VALUES (1, 123, 163, 14382, 0, 0);
INSERT INTO result VALUES (1, 18, 164, 14382, 0, 0);
INSERT INTO result VALUES (1, 65, 165, 14382, 0, 0);
INSERT INTO result VALUES (1, 102, 166, 14382, 0, 0);
INSERT INTO result VALUES (1, 201, 167, 14382, 0, 0);
INSERT INTO result VALUES (1, 178, 168, 14382, 0, 0);
INSERT INTO result VALUES (1, 26, 169, 14382, 0, 0);
INSERT INTO result VALUES (1, 126, 170, 14382, 0, 0);
INSERT INTO result VALUES (1, 175, 171, 14382, 0, 0);
INSERT INTO result VALUES (1, 173, 172, 14382, 0, 0);
INSERT INTO result VALUES (1, 111, 173, 14382, 0, 0);
INSERT INTO result VALUES (1, 47, 174, 14382, 0, 0);
INSERT INTO result VALUES (1, 42, 175, 14382, 0, 0);
INSERT INTO result VALUES (1, 147, 176, 14382, 0, 0);
INSERT INTO result VALUES (1, 142, 177, 14382, 0, 0);
INSERT INTO result VALUES (1, 182, 178, 14382, 0, 0);
INSERT INTO result VALUES (1, 188, 179, 14382, 0, 0);
INSERT INTO result VALUES (1, 83, 180, 14382, 0, 0);
INSERT INTO result VALUES (1, 92, 181, 14382, 0, 0);
INSERT INTO result VALUES (1, 55, 182, 14542, 0, 0);
INSERT INTO result VALUES (2, 106, 1, 17141, 10, 0);
INSERT INTO result VALUES (2, 1, 2, 17141, 6, 0);
INSERT INTO result VALUES (2, 11, 3, 17141, 4, 0);
INSERT INTO result VALUES (2, 94, 4, 17141, 0, 0);
INSERT INTO result VALUES (2, 111, 5, 17141, 0, 0);
INSERT INTO result VALUES (2, 191, 6, 17141, 0, 0);
INSERT INTO result VALUES (2, 156, 7, 17141, 0, 0);
INSERT INTO result VALUES (2, 131, 8, 17141, 0, 0);
INSERT INTO result VALUES (2, 178, 9, 17141, 0, 0);
INSERT INTO result VALUES (2, 212, 10, 17141, 0, 0);
INSERT INTO result VALUES (2, 183, 11, 17141, 0, 0);
INSERT INTO result VALUES (2, 141, 12, 17141, 0, 0);
INSERT INTO result VALUES (2, 51, 13, 17141, 0, 0);
INSERT INTO result VALUES (2, 114, 14, 17141, 0, 0);
INSERT INTO result VALUES (2, 2, 15, 17141, 0, 0);
INSERT INTO result VALUES (2, 91, 16, 17141, 0, 0);
INSERT INTO result VALUES (2, 21, 17, 17141, 0, 0);
INSERT INTO result VALUES (2, 15, 18, 17141, 0, 0);
INSERT INTO result VALUES (2, 35, 19, 17141, 0, 0);
INSERT INTO result VALUES (2, 161, 20, 17141, 0, 0);
INSERT INTO result VALUES (2, 151, 21, 17141, 0, 0);
INSERT INTO result VALUES (2, 71, 22, 17141, 0, 0);
INSERT INTO result VALUES (2, 85, 23, 17141, 0, 0);
INSERT INTO result VALUES (2, 72, 24, 17141, 0, 0);
INSERT INTO result VALUES (2, 206, 25, 17141, 0, 0);
INSERT INTO result VALUES (2, 96, 26, 17141, 0, 0);
INSERT INTO result VALUES (2, 101, 27, 17172, 0, 0);
INSERT INTO result VALUES (2, 203, 28, 17172, 0, 0);
INSERT INTO result VALUES (2, 171, 29, 17172, 0, 0);
INSERT INTO result VALUES (2, 153, 30, 17172, 0, 0);
INSERT INTO result VALUES (2, 66, 31, 17172, 0, 0);
INSERT INTO result VALUES (2, 137, 32, 17172, 0, 0);
INSERT INTO result VALUES (2, 221, 33, 17172, 0, 0);
INSERT INTO result VALUES (2, 166, 34, 17172, 0, 0);
INSERT INTO result VALUES (2, 182, 35, 17172, 0, 0);
INSERT INTO result VALUES (2, 54, 36, 17172, 0, 0);
INSERT INTO result VALUES (2, 61, 37, 17172, 0, 0);
INSERT INTO result VALUES (2, 128, 38, 17172, 0, 0);
INSERT INTO result VALUES (2, 181, 39, 17172, 0, 0);
INSERT INTO result VALUES (2, 58, 40, 17172, 0, 0);
INSERT INTO result VALUES (2, 186, 41, 17172, 0, 0);
INSERT INTO result VALUES (2, 95, 42, 17172, 0, 0);
INSERT INTO result VALUES (2, 121, 43, 17172, 0, 0);
INSERT INTO result VALUES (2, 16, 44, 17172, 0, 0);
INSERT INTO result VALUES (2, 138, 45, 17172, 0, 0);
INSERT INTO result VALUES (2, 163, 46, 17172, 0, 0);
INSERT INTO result VALUES (2, 65, 47, 17186, 0, 0);
INSERT INTO result VALUES (2, 122, 48, 17211, 0, 0);
INSERT INTO result VALUES (2, 36, 49, 17230, 0, 0);
INSERT INTO result VALUES (2, 13, 50, 17230, 0, 0);
INSERT INTO result VALUES (2, 68, 51, 17230, 0, 0);
INSERT INTO result VALUES (2, 31, 52, 17230, 0, 0);
INSERT INTO result VALUES (2, 103, 53, 17230, 0, 0);
INSERT INTO result VALUES (2, 18, 54, 17230, 0, 0);
INSERT INTO result VALUES (2, 28, 55, 17230, 0, 0);
INSERT INTO result VALUES (2, 3, 56, 17230, 0, 0);
INSERT INTO result VALUES (2, 195, 57, 17235, 0, 0);
INSERT INTO result VALUES (2, 37, 58, 17235, 0, 0);
INSERT INTO result VALUES (2, 86, 59, 17235, 0, 0);
INSERT INTO result VALUES (2, 162, 60, 17294, 0, 0);
INSERT INTO result VALUES (2, 168, 61, 17294, 0, 0);
INSERT INTO result VALUES (2, 158, 62, 17294, 0, 0);
INSERT INTO result VALUES (2, 198, 63, 17304, 0, 0);
INSERT INTO result VALUES (2, 48, 64, 17314, 0, 0);
INSERT INTO result VALUES (2, 7, 65, 17319, 0, 0);
INSERT INTO result VALUES (2, 146, 66, 17319, 0, 0);
INSERT INTO result VALUES (2, 104, 67, 17332, 0, 0);
INSERT INTO result VALUES (2, 57, 68, 17332, 0, 0);
INSERT INTO result VALUES (2, 207, 69, 17343, 0, 0);
INSERT INTO result VALUES (2, 208, 70, 17343, 0, 0);
INSERT INTO result VALUES (2, 33, 71, 17343, 0, 0);
INSERT INTO result VALUES (2, 187, 72, 17343, 0, 0);
INSERT INTO result VALUES (2, 97, 73, 17343, 0, 0);
INSERT INTO result VALUES (2, 133, 74, 17343, 0, 0);
INSERT INTO result VALUES (2, 192, 75, 17343, 0, 0);
INSERT INTO result VALUES (2, 177, 76, 17343, 0, 0);
INSERT INTO result VALUES (2, 135, 77, 17343, 0, 0);
INSERT INTO result VALUES (2, 184, 78, 17343, 0, 0);
INSERT INTO result VALUES (2, 157, 79, 17348, 0, 0);
INSERT INTO result VALUES (2, 17, 80, 17350, 0, 0);
INSERT INTO result VALUES (2, 193, 81, 17388, 0, 0);
INSERT INTO result VALUES (2, 81, 82, 17435, 0, 0);
INSERT INTO result VALUES (2, 6, 83, 17444, 0, 0);
INSERT INTO result VALUES (2, 107, 84, 17444, 0, 0);
INSERT INTO result VALUES (2, 118, 85, 17444, 0, 0);
INSERT INTO result VALUES (2, 205, 86, 17444, 0, 0);
INSERT INTO result VALUES (2, 98, 87, 17444, 0, 0);
INSERT INTO result VALUES (2, 93, 88, 17444, 0, 0);
INSERT INTO result VALUES (2, 155, 89, 17444, 0, 0);
INSERT INTO result VALUES (2, 87, 90, 17444, 0, 0);
INSERT INTO result VALUES (2, 55, 91, 17444, 0, 0);
INSERT INTO result VALUES (2, 185, 92, 17444, 0, 0);
INSERT INTO result VALUES (2, 136, 93, 17444, 0, 0);
INSERT INTO result VALUES (2, 201, 94, 17444, 0, 0);
INSERT INTO result VALUES (2, 62, 95, 17444, 0, 0);
INSERT INTO result VALUES (2, 8, 96, 17444, 0, 0);
INSERT INTO result VALUES (2, 164, 97, 17444, 0, 0);
INSERT INTO result VALUES (2, 225, 98, 17444, 0, 0);
INSERT INTO result VALUES (2, 63, 99, 17444, 0, 0);
INSERT INTO result VALUES (2, 42, 100, 17444, 0, 0);
INSERT INTO result VALUES (2, 167, 101, 17444, 0, 0);
INSERT INTO result VALUES (2, 23, 102, 17444, 0, 0);
INSERT INTO result VALUES (2, 74, 103, 17444, 0, 0);
INSERT INTO result VALUES (2, 25, 104, 17466, 0, 0);
INSERT INTO result VALUES (2, 14, 105, 17466, 0, 0);
INSERT INTO result VALUES (2, 44, 106, 17466, 0, 0);
INSERT INTO result VALUES (2, 41, 107, 17466, 0, 0);
INSERT INTO result VALUES (2, 84, 108, 17476, 0, 0);
INSERT INTO result VALUES (2, 22, 109, 17476, 0, 0);
INSERT INTO result VALUES (2, 222, 110, 17476, 0, 0);
INSERT INTO result VALUES (2, 34, 111, 17476, 0, 0);
INSERT INTO result VALUES (2, 92, 112, 17476, 0, 0);
INSERT INTO result VALUES (2, 75, 113, 17540, 0, 0);
INSERT INTO result VALUES (2, 67, 114, 17540, 0, 0);
INSERT INTO result VALUES (2, 123, 115, 17540, 0, 0);
INSERT INTO result VALUES (2, 32, 116, 17540, 0, 0);
INSERT INTO result VALUES (2, 125, 117, 17540, 0, 0);
INSERT INTO result VALUES (2, 226, 118, 17583, 0, 0);
INSERT INTO result VALUES (2, 46, 119, 17610, 0, 0);
INSERT INTO result VALUES (2, 45, 120, 17610, 0, 0);
INSERT INTO result VALUES (2, 26, 121, 17610, 0, 0);
INSERT INTO result VALUES (2, 38, 122, 17610, 0, 0);
INSERT INTO result VALUES (2, 152, 123, 17610, 0, 0);
INSERT INTO result VALUES (2, 127, 124, 17610, 0, 0);
INSERT INTO result VALUES (2, 4, 125, 17610, 0, 0);
INSERT INTO result VALUES (2, 5, 126, 17610, 0, 0);
INSERT INTO result VALUES (2, 116, 127, 17610, 0, 0);
INSERT INTO result VALUES (2, 196, 128, 17610, 0, 0);
INSERT INTO result VALUES (2, 105, 129, 17610, 0, 0);
INSERT INTO result VALUES (2, 108, 130, 17610, 0, 0);
INSERT INTO result VALUES (2, 216, 131, 17610, 0, 0);
INSERT INTO result VALUES (2, 126, 132, 17610, 0, 0);
INSERT INTO result VALUES (2, 78, 133, 17610, 0, 0);
INSERT INTO result VALUES (2, 165, 134, 17610, 0, 0);
INSERT INTO result VALUES (2, 132, 135, 17610, 0, 0);
INSERT INTO result VALUES (2, 215, 136, 17610, 0, 0);
INSERT INTO result VALUES (2, 56, 137, 17610, 0, 0);
INSERT INTO result VALUES (2, 144, 138, 17610, 0, 0);
INSERT INTO result VALUES (2, 176, 139, 17610, 0, 0);
INSERT INTO result VALUES (2, 76, 140, 17610, 0, 0);
INSERT INTO result VALUES (2, 197, 141, 17610, 0, 0);
INSERT INTO result VALUES (2, 83, 142, 17610, 0, 0);
INSERT INTO result VALUES (2, 43, 143, 17610, 0, 0);
INSERT INTO result VALUES (2, 213, 144, 17610, 0, 0);
INSERT INTO result VALUES (2, 217, 145, 17610, 0, 0);
INSERT INTO result VALUES (2, 47, 146, 17610, 0, 0);
INSERT INTO result VALUES (2, 194, 147, 17669, 0, 0);
INSERT INTO result VALUES (2, 188, 148, 17669, 0, 0);
INSERT INTO result VALUES (2, 147, 149, 17683, 0, 0);
INSERT INTO result VALUES (2, 117, 150, 17763, 0, 0);
INSERT INTO result VALUES (2, 82, 151, 17763, 0, 0);
INSERT INTO result VALUES (2, 115, 152, 17795, 0, 0);
INSERT INTO result VALUES (2, 102, 153, 17795, 0, 0);
INSERT INTO result VALUES (2, 134, 154, 17795, 0, 0);
INSERT INTO result VALUES (2, 148, 155, 17795, 0, 0);
INSERT INTO result VALUES (2, 218, 156, 17795, 0, 0);
INSERT INTO result VALUES (2, 145, 157, 17798, 0, 0);
INSERT INTO result VALUES (2, 88, 158, 17798, 0, 0);
INSERT INTO result VALUES (2, 24, 159, 17798, 0, 0);
INSERT INTO result VALUES (2, 224, 160, 17798, 0, 0);
INSERT INTO result VALUES (2, 27, 161, 17798, 0, 0);
INSERT INTO result VALUES (2, 124, 162, 17798, 0, 0);
INSERT INTO result VALUES (2, 53, 163, 17798, 0, 0);
INSERT INTO result VALUES (2, 174, 164, 17798, 0, 0);
INSERT INTO result VALUES (2, 77, 165, 17798, 0, 0);
INSERT INTO result VALUES (2, 12, 166, 17798, 0, 0);
INSERT INTO result VALUES (2, 142, 167, 17798, 0, 0);
INSERT INTO result VALUES (2, 211, 168, 17798, 0, 0);
INSERT INTO result VALUES (2, 214, 169, 17798, 0, 0);
INSERT INTO result VALUES (2, 204, 170, 17798, 0, 0);
INSERT INTO result VALUES (2, 143, 171, 17798, 0, 0);
INSERT INTO result VALUES (2, 202, 172, 17798, 0, 0);
INSERT INTO result VALUES (2, 73, 173, 17798, 0, 0);
INSERT INTO result VALUES (2, 52, 174, 17798, 0, 0);
INSERT INTO result VALUES (2, 223, 175, 17798, 0, 0);
INSERT INTO result VALUES (2, 112, 176, 17798, 0, 0);
INSERT INTO result VALUES (2, 227, 177, 17798, 0, 0);
INSERT INTO result VALUES (2, 113, 178, 17798, 0, 0);
INSERT INTO result VALUES (2, 175, 179, 17798, 0, 0);
INSERT INTO result VALUES (2, 228, 180, 17798, 0, 0);
INSERT INTO result VALUES (2, 173, 181, 17817, 0, 0);
INSERT INTO result VALUES (2, 172, 182, 17817, 0, 0);
INSERT INTO result VALUES (3, 24, 1, 15415, 10, 0);
INSERT INTO result VALUES (3, 81, 2, 15415, 6, 0);
INSERT INTO result VALUES (3, 52, 3, 15415, 4, 0);
INSERT INTO result VALUES (3, 228, 4, 15415, 0, 0);
INSERT INTO result VALUES (3, 193, 5, 15415, 0, 0);
INSERT INTO result VALUES (3, 41, 6, 15415, 0, 0);
INSERT INTO result VALUES (3, 103, 7, 15415, 0, 0);
INSERT INTO result VALUES (3, 202, 8, 15415, 0, 0);
INSERT INTO result VALUES (3, 132, 9, 15415, 0, 0);
INSERT INTO result VALUES (3, 112, 10, 15415, 0, 0);
INSERT INTO result VALUES (3, 195, 11, 15415, 0, 0);
INSERT INTO result VALUES (3, 158, 12, 15415, 0, 0);
INSERT INTO result VALUES (3, 124, 13, 15415, 0, 0);
INSERT INTO result VALUES (3, 208, 14, 15415, 0, 0);
INSERT INTO result VALUES (3, 168, 15, 15415, 0, 0);
INSERT INTO result VALUES (3, 175, 16, 15415, 0, 0);
INSERT INTO result VALUES (3, 187, 17, 15415, 0, 0);
INSERT INTO result VALUES (3, 196, 18, 15415, 0, 0);
INSERT INTO result VALUES (3, 33, 19, 15415, 0, 0);
INSERT INTO result VALUES (3, 98, 20, 15415, 0, 0);
INSERT INTO result VALUES (3, 93, 21, 15415, 0, 0);
INSERT INTO result VALUES (3, 105, 22, 15415, 0, 0);
INSERT INTO result VALUES (3, 106, 23, 15415, 0, 0);
INSERT INTO result VALUES (3, 68, 24, 15415, 0, 0);
INSERT INTO result VALUES (3, 222, 25, 15415, 0, 0);
INSERT INTO result VALUES (3, 138, 26, 15415, 0, 0);
INSERT INTO result VALUES (3, 118, 27, 15415, 0, 0);
INSERT INTO result VALUES (3, 82, 28, 15415, 0, 0);
INSERT INTO result VALUES (3, 224, 29, 15415, 0, 0);
INSERT INTO result VALUES (3, 58, 30, 15415, 0, 0);
INSERT INTO result VALUES (3, 115, 31, 15415, 0, 0);
INSERT INTO result VALUES (3, 32, 32, 15415, 0, 0);
INSERT INTO result VALUES (3, 198, 33, 15415, 0, 0);
INSERT INTO result VALUES (3, 127, 34, 15415, 0, 0);
INSERT INTO result VALUES (3, 65, 35, 15415, 0, 0);
INSERT INTO result VALUES (3, 77, 36, 15415, 0, 0);
INSERT INTO result VALUES (3, 43, 37, 15415, 0, 0);
INSERT INTO result VALUES (3, 88, 38, 15415, 0, 0);
INSERT INTO result VALUES (3, 87, 39, 15415, 0, 0);
INSERT INTO result VALUES (3, 213, 40, 15415, 0, 0);
INSERT INTO result VALUES (3, 27, 41, 15415, 0, 0);
INSERT INTO result VALUES (3, 44, 42, 15415, 0, 0);
INSERT INTO result VALUES (3, 204, 43, 15415, 0, 0);
INSERT INTO result VALUES (3, 63, 44, 15415, 0, 0);
INSERT INTO result VALUES (3, 125, 45, 15415, 0, 0);
INSERT INTO result VALUES (3, 205, 46, 15415, 0, 0);
INSERT INTO result VALUES (3, 57, 47, 15415, 0, 0);
INSERT INTO result VALUES (3, 86, 48, 15415, 0, 0);
INSERT INTO result VALUES (3, 92, 49, 15415, 0, 0);
INSERT INTO result VALUES (3, 211, 50, 15415, 0, 0);
INSERT INTO result VALUES (3, 155, 51, 15415, 0, 0);
INSERT INTO result VALUES (3, 218, 52, 15415, 0, 0);
INSERT INTO result VALUES (3, 194, 53, 15415, 0, 0);
INSERT INTO result VALUES (3, 53, 54, 15415, 0, 0);
INSERT INTO result VALUES (3, 136, 55, 15415, 0, 0);
INSERT INTO result VALUES (3, 167, 56, 15415, 0, 0);
INSERT INTO result VALUES (3, 214, 57, 15415, 0, 0);
INSERT INTO result VALUES (3, 207, 58, 15415, 0, 0);
INSERT INTO result VALUES (3, 4, 59, 15415, 0, 0);
INSERT INTO result VALUES (3, 46, 60, 15415, 0, 0);
INSERT INTO result VALUES (3, 26, 61, 15415, 0, 0);
INSERT INTO result VALUES (3, 116, 62, 15415, 0, 0);
INSERT INTO result VALUES (3, 66, 63, 15415, 0, 0);
INSERT INTO result VALUES (3, 203, 64, 15415, 0, 0);
INSERT INTO result VALUES (3, 38, 65, 15415, 0, 0);
INSERT INTO result VALUES (3, 13, 66, 15415, 0, 0);
INSERT INTO result VALUES (3, 161, 67, 15415, 0, 0);
INSERT INTO result VALUES (3, 137, 68, 15415, 0, 0);
INSERT INTO result VALUES (3, 91, 69, 15415, 0, 0);
INSERT INTO result VALUES (3, 11, 70, 15415, 0, 0);
INSERT INTO result VALUES (3, 1, 71, 15415, 0, 0);
INSERT INTO result VALUES (3, 96, 72, 15415, 0, 0);
INSERT INTO result VALUES (3, 95, 73, 15415, 0, 0);
INSERT INTO result VALUES (3, 216, 74, 15415, 0, 0);
INSERT INTO result VALUES (3, 156, 75, 15415, 0, 0);
INSERT INTO result VALUES (3, 94, 76, 15415, 0, 0);
INSERT INTO result VALUES (3, 55, 77, 15415, 0, 0);
INSERT INTO result VALUES (3, 192, 78, 15415, 0, 0);
INSERT INTO result VALUES (3, 35, 79, 15415, 0, 0);
INSERT INTO result VALUES (3, 47, 80, 15415, 0, 0);
INSERT INTO result VALUES (3, 191, 81, 15415, 0, 0);
INSERT INTO result VALUES (3, 135, 82, 15415, 0, 0);
INSERT INTO result VALUES (3, 215, 83, 15415, 0, 0);
INSERT INTO result VALUES (3, 134, 84, 15415, 0, 0);
INSERT INTO result VALUES (3, 42, 85, 15415, 0, 0);
INSERT INTO result VALUES (3, 131, 86, 15415, 0, 0);
INSERT INTO result VALUES (3, 181, 87, 15415, 0, 0);
INSERT INTO result VALUES (3, 56, 88, 15415, 0, 0);
INSERT INTO result VALUES (3, 111, 89, 15415, 0, 0);
INSERT INTO result VALUES (3, 12, 90, 15415, 0, 0);
INSERT INTO result VALUES (3, 212, 91, 15415, 0, 0);
INSERT INTO result VALUES (3, 78, 92, 15415, 0, 0);
INSERT INTO result VALUES (3, 51, 93, 15415, 0, 0);
INSERT INTO result VALUES (3, 186, 94, 15415, 0, 0);
INSERT INTO result VALUES (3, 31, 95, 15415, 0, 0);
INSERT INTO result VALUES (3, 7, 96, 15415, 0, 0);
INSERT INTO result VALUES (3, 184, 97, 15415, 0, 0);
INSERT INTO result VALUES (3, 183, 98, 15415, 0, 0);
INSERT INTO result VALUES (3, 6, 99, 15415, 0, 0);
INSERT INTO result VALUES (3, 144, 100, 15415, 0, 0);
INSERT INTO result VALUES (3, 2, 101, 15415, 0, 0);
INSERT INTO result VALUES (3, 221, 102, 15415, 0, 0);
INSERT INTO result VALUES (3, 54, 103, 15415, 0, 0);
INSERT INTO result VALUES (3, 5, 104, 15415, 0, 0);
INSERT INTO result VALUES (3, 17, 105, 15415, 0, 0);
INSERT INTO result VALUES (3, 14, 106, 15415, 0, 0);
INSERT INTO result VALUES (3, 225, 107, 15415, 0, 0);
INSERT INTO result VALUES (3, 18, 108, 15415, 0, 0);
INSERT INTO result VALUES (3, 16, 109, 15415, 0, 0);
INSERT INTO result VALUES (3, 37, 110, 15415, 0, 0);
INSERT INTO result VALUES (3, 128, 111, 15415, 0, 0);
INSERT INTO result VALUES (3, 166, 112, 15415, 0, 0);
INSERT INTO result VALUES (3, 174, 113, 15415, 0, 0);
INSERT INTO result VALUES (3, 133, 114, 15415, 0, 0);
INSERT INTO result VALUES (3, 23, 115, 15415, 0, 0);
INSERT INTO result VALUES (3, 151, 116, 15415, 0, 0);
INSERT INTO result VALUES (3, 117, 117, 15415, 0, 0);
INSERT INTO result VALUES (3, 113, 118, 15415, 0, 0);
INSERT INTO result VALUES (3, 164, 119, 15415, 0, 0);
INSERT INTO result VALUES (3, 188, 120, 15415, 0, 0);
INSERT INTO result VALUES (3, 206, 121, 15415, 0, 0);
INSERT INTO result VALUES (3, 146, 122, 15415, 0, 0);
INSERT INTO result VALUES (3, 8, 123, 15415, 0, 0);
INSERT INTO result VALUES (3, 85, 124, 15415, 0, 0);
INSERT INTO result VALUES (3, 83, 125, 15415, 0, 0);
INSERT INTO result VALUES (3, 226, 126, 15415, 0, 0);
INSERT INTO result VALUES (3, 227, 127, 15415, 0, 0);
INSERT INTO result VALUES (3, 84, 128, 15415, 0, 0);
INSERT INTO result VALUES (3, 122, 129, 15415, 0, 0);
INSERT INTO result VALUES (3, 121, 130, 15415, 0, 0);
INSERT INTO result VALUES (3, 141, 131, 15415, 0, 0);
INSERT INTO result VALUES (3, 3, 132, 15415, 0, 0);
INSERT INTO result VALUES (3, 145, 133, 15415, 0, 0);
INSERT INTO result VALUES (3, 104, 134, 15415, 0, 0);
INSERT INTO result VALUES (3, 107, 135, 15415, 0, 0);
INSERT INTO result VALUES (3, 36, 136, 15415, 0, 0);
INSERT INTO result VALUES (3, 108, 137, 15415, 0, 0);
INSERT INTO result VALUES (3, 15, 138, 15415, 0, 0);
INSERT INTO result VALUES (3, 142, 139, 15415, 0, 0);
INSERT INTO result VALUES (3, 102, 140, 15415, 0, 0);
INSERT INTO result VALUES (3, 34, 141, 15415, 0, 0);
INSERT INTO result VALUES (3, 25, 142, 15415, 0, 0);
INSERT INTO result VALUES (3, 201, 143, 15415, 0, 0);
INSERT INTO result VALUES (3, 223, 144, 15415, 0, 0);
INSERT INTO result VALUES (3, 72, 145, 15415, 0, 0);
INSERT INTO result VALUES (3, 217, 146, 15415, 0, 0);
INSERT INTO result VALUES (3, 114, 147, 15415, 0, 0);
INSERT INTO result VALUES (3, 126, 148, 15415, 0, 0);
INSERT INTO result VALUES (3, 71, 149, 15415, 0, 0);
INSERT INTO result VALUES (3, 76, 150, 15415, 0, 0);
INSERT INTO result VALUES (3, 147, 151, 15415, 0, 0);
INSERT INTO result VALUES (3, 148, 152, 15415, 0, 0);
INSERT INTO result VALUES (3, 143, 153, 15415, 0, 0);
INSERT INTO result VALUES (3, 182, 154, 15415, 0, 0);
INSERT INTO result VALUES (3, 28, 155, 15415, 0, 0);
INSERT INTO result VALUES (3, 123, 156, 15415, 0, 0);
INSERT INTO result VALUES (3, 22, 157, 15415, 0, 0);
INSERT INTO result VALUES (3, 21, 158, 15415, 0, 0);
INSERT INTO result VALUES (3, 172, 159, 15415, 0, 0);
INSERT INTO result VALUES (3, 173, 160, 15415, 0, 0);
INSERT INTO result VALUES (3, 177, 161, 15415, 0, 0);
INSERT INTO result VALUES (3, 171, 162, 15415, 0, 0);
INSERT INTO result VALUES (3, 178, 163, 15415, 0, 0);
INSERT INTO result VALUES (3, 176, 164, 15415, 0, 0);
INSERT INTO result VALUES (3, 157, 165, 15415, 0, 0);
INSERT INTO result VALUES (3, 74, 166, 15415, 0, 0);
INSERT INTO result VALUES (3, 162, 167, 15415, 0, 0);
INSERT INTO result VALUES (3, 153, 168, 15415, 0, 0);
INSERT INTO result VALUES (3, 152, 169, 15415, 0, 0);
INSERT INTO result VALUES (3, 197, 170, 15415, 0, 0);
INSERT INTO result VALUES (3, 61, 171, 15415, 0, 0);
INSERT INTO result VALUES (3, 62, 172, 15415, 0, 0);
INSERT INTO result VALUES (3, 67, 173, 15415, 0, 0);
INSERT INTO result VALUES (3, 165, 174, 15415, 0, 0);
INSERT INTO result VALUES (3, 163, 175, 15415, 0, 0);
INSERT INTO result VALUES (3, 97, 176, 15415, 0, 0);
INSERT INTO result VALUES (3, 48, 177, 15415, 0, 0);
INSERT INTO result VALUES (3, 45, 178, 15415, 0, 0);
INSERT INTO result VALUES (3, 75, 179, 15415, 0, 0);
INSERT INTO result VALUES (3, 73, 180, 15415, 0, 0);
INSERT INTO result VALUES (3, 185, 181, 15415, 0, 0);
INSERT INTO result VALUES (4, 1, 1, 13829, 10, 0);
INSERT INTO result VALUES (4, 106, 2, 13829, 6, 0);
INSERT INTO result VALUES (4, 11, 3, 13829, 4, 0);
INSERT INTO result VALUES (4, 191, 4, 13829, 0, 0);
INSERT INTO result VALUES (4, 94, 5, 13829, 0, 0);
INSERT INTO result VALUES (4, 2, 6, 13829, 0, 0);
INSERT INTO result VALUES (4, 21, 7, 13832, 0, 0);
INSERT INTO result VALUES (4, 15, 8, 13832, 0, 0);
INSERT INTO result VALUES (4, 85, 9, 13836, 0, 0);
INSERT INTO result VALUES (4, 131, 10, 13839, 0, 0);
INSERT INTO result VALUES (4, 17, 11, 13859, 0, 0);
INSERT INTO result VALUES (4, 156, 12, 13859, 0, 0);
INSERT INTO result VALUES (4, 34, 13, 13859, 0, 0);
INSERT INTO result VALUES (4, 3, 14, 13859, 0, 0);
INSERT INTO result VALUES (4, 221, 15, 13859, 0, 0);
INSERT INTO result VALUES (4, 13, 16, 13861, 0, 0);
INSERT INTO result VALUES (4, 141, 17, 13861, 0, 0);
INSERT INTO result VALUES (4, 71, 18, 13861, 0, 0);
INSERT INTO result VALUES (4, 206, 19, 13861, 0, 0);
INSERT INTO result VALUES (4, 114, 20, 13864, 0, 0);
INSERT INTO result VALUES (4, 162, 21, 13867, 0, 0);
INSERT INTO result VALUES (4, 186, 22, 13867, 0, 0);
INSERT INTO result VALUES (4, 65, 23, 13868, 0, 0);
INSERT INTO result VALUES (4, 104, 24, 13868, 0, 0);
INSERT INTO result VALUES (4, 174, 25, 13868, 0, 0);
INSERT INTO result VALUES (4, 166, 26, 13868, 0, 0);
INSERT INTO result VALUES (4, 66, 27, 13868, 0, 0);
INSERT INTO result VALUES (4, 54, 28, 13868, 0, 0);
INSERT INTO result VALUES (4, 212, 29, 13883, 0, 0);
INSERT INTO result VALUES (4, 203, 30, 13883, 0, 0);
INSERT INTO result VALUES (4, 137, 31, 13883, 0, 0);
INSERT INTO result VALUES (4, 151, 32, 13883, 0, 0);
INSERT INTO result VALUES (4, 72, 33, 13883, 0, 0);
INSERT INTO result VALUES (4, 51, 34, 13883, 0, 0);
INSERT INTO result VALUES (4, 181, 35, 13883, 0, 0);
INSERT INTO result VALUES (4, 178, 36, 13883, 0, 0);
INSERT INTO result VALUES (4, 91, 37, 13883, 0, 0);
INSERT INTO result VALUES (4, 95, 38, 13883, 0, 0);
INSERT INTO result VALUES (4, 192, 39, 13897, 0, 0);
INSERT INTO result VALUES (4, 161, 40, 13910, 0, 0);
INSERT INTO result VALUES (4, 128, 41, 13938, 0, 0);
INSERT INTO result VALUES (4, 122, 42, 13938, 0, 0);
INSERT INTO result VALUES (4, 121, 43, 13938, 0, 0);
INSERT INTO result VALUES (4, 42, 44, 13938, 0, 0);
INSERT INTO result VALUES (4, 31, 45, 13942, 0, 0);
INSERT INTO result VALUES (4, 158, 46, 13942, 0, 0);
INSERT INTO result VALUES (4, 118, 47, 13966, 0, 0);
INSERT INTO result VALUES (4, 182, 48, 13966, 0, 0);
INSERT INTO result VALUES (4, 183, 49, 13966, 0, 0);
INSERT INTO result VALUES (4, 35, 50, 13979, 0, 0);
INSERT INTO result VALUES (4, 16, 51, 13979, 0, 0);
INSERT INTO result VALUES (4, 164, 52, 13983, 0, 0);
INSERT INTO result VALUES (4, 83, 53, 13983, 0, 0);
INSERT INTO result VALUES (4, 78, 54, 14017, 0, 0);
INSERT INTO result VALUES (4, 133, 55, 14040, 0, 0);
INSERT INTO result VALUES (4, 138, 56, 14040, 0, 0);
INSERT INTO result VALUES (4, 23, 57, 14040, 0, 0);
INSERT INTO result VALUES (4, 226, 58, 14040, 0, 0);
INSERT INTO result VALUES (4, 176, 59, 14040, 0, 0);
INSERT INTO result VALUES (4, 18, 60, 14040, 0, 0);
INSERT INTO result VALUES (4, 225, 61, 14040, 0, 0);
INSERT INTO result VALUES (4, 195, 62, 14040, 0, 0);
INSERT INTO result VALUES (4, 96, 63, 14053, 0, 0);
INSERT INTO result VALUES (4, 207, 64, 14075, 0, 0);
INSERT INTO result VALUES (4, 144, 65, 14083, 0, 0);
INSERT INTO result VALUES (4, 36, 66, 14094, 0, 0);
INSERT INTO result VALUES (4, 7, 67, 14114, 0, 0);
INSERT INTO result VALUES (4, 14, 68, 14114, 0, 0);
INSERT INTO result VALUES (4, 227, 69, 14114, 0, 0);
INSERT INTO result VALUES (4, 84, 70, 14196, 0, 0);
INSERT INTO result VALUES (4, 87, 71, 14201, 0, 0);
INSERT INTO result VALUES (4, 146, 72, 14201, 0, 0);
INSERT INTO result VALUES (4, 111, 73, 14220, 0, 0);
INSERT INTO result VALUES (4, 61, 74, 14220, 0, 0);
INSERT INTO result VALUES (4, 62, 75, 14220, 0, 0);
INSERT INTO result VALUES (4, 46, 76, 14220, 0, 0);
INSERT INTO result VALUES (4, 8, 77, 14220, 0, 0);
INSERT INTO result VALUES (4, 26, 78, 14220, 0, 0);
INSERT INTO result VALUES (4, 5, 79, 14220, 0, 0);
INSERT INTO result VALUES (4, 152, 80, 14220, 0, 0);
INSERT INTO result VALUES (4, 63, 81, 14220, 0, 0);
INSERT INTO result VALUES (4, 157, 82, 14220, 0, 0);
INSERT INTO result VALUES (4, 103, 83, 14220, 0, 0);
INSERT INTO result VALUES (4, 107, 84, 14323, 0, 0);
INSERT INTO result VALUES (4, 205, 85, 14326, 0, 0);
INSERT INTO result VALUES (4, 113, 86, 14350, 0, 0);
INSERT INTO result VALUES (4, 153, 87, 14371, 0, 0);
INSERT INTO result VALUES (4, 224, 88, 14371, 0, 0);
INSERT INTO result VALUES (4, 167, 89, 14371, 0, 0);
INSERT INTO result VALUES (4, 155, 90, 14371, 0, 0);
INSERT INTO result VALUES (4, 4, 91, 14371, 0, 0);
INSERT INTO result VALUES (4, 58, 92, 14371, 0, 0);
INSERT INTO result VALUES (4, 28, 93, 14371, 0, 0);
INSERT INTO result VALUES (4, 201, 94, 14371, 0, 0);
INSERT INTO result VALUES (4, 6, 95, 14371, 0, 0);
INSERT INTO result VALUES (4, 48, 96, 14371, 0, 0);
INSERT INTO result VALUES (4, 67, 97, 14371, 0, 0);
INSERT INTO result VALUES (4, 168, 98, 14371, 0, 0);
INSERT INTO result VALUES (4, 163, 99, 14371, 0, 0);
INSERT INTO result VALUES (4, 92, 100, 14393, 0, 0);
INSERT INTO result VALUES (4, 86, 101, 14403, 0, 0);
INSERT INTO result VALUES (4, 218, 102, 14403, 0, 0);
INSERT INTO result VALUES (4, 74, 103, 14417, 0, 0);
INSERT INTO result VALUES (4, 198, 104, 14486, 0, 0);
INSERT INTO result VALUES (4, 208, 105, 14499, 0, 0);
INSERT INTO result VALUES (4, 55, 106, 14565, 0, 0);
INSERT INTO result VALUES (4, 222, 107, 14578, 0, 0);
INSERT INTO result VALUES (4, 38, 108, 14578, 0, 0);
INSERT INTO result VALUES (4, 197, 109, 14582, 0, 0);
INSERT INTO result VALUES (4, 12, 110, 14582, 0, 0);
INSERT INTO result VALUES (4, 145, 111, 14582, 0, 0);
INSERT INTO result VALUES (4, 33, 112, 14607, 0, 0);
INSERT INTO result VALUES (4, 216, 113, 14629, 0, 0);
INSERT INTO result VALUES (4, 116, 114, 14664, 0, 0);
INSERT INTO result VALUES (4, 68, 115, 14666, 0, 0);
INSERT INTO result VALUES (4, 75, 116, 14666, 0, 0);
INSERT INTO result VALUES (4, 117, 117, 14666, 0, 0);
INSERT INTO result VALUES (4, 123, 118, 14666, 0, 0);
INSERT INTO result VALUES (4, 127, 119, 14666, 0, 0);
INSERT INTO result VALUES (4, 124, 120, 14666, 0, 0);
INSERT INTO result VALUES (4, 211, 121, 14693, 0, 0);
INSERT INTO result VALUES (4, 187, 122, 14704, 0, 0);
INSERT INTO result VALUES (4, 136, 123, 14704, 0, 0);
INSERT INTO result VALUES (4, 44, 124, 14704, 0, 0);
INSERT INTO result VALUES (4, 98, 125, 14741, 0, 0);
INSERT INTO result VALUES (4, 93, 126, 14741, 0, 0);
INSERT INTO result VALUES (4, 97, 127, 14741, 0, 0);
INSERT INTO result VALUES (4, 213, 128, 14741, 0, 0);
INSERT INTO result VALUES (4, 177, 129, 14741, 0, 0);
INSERT INTO result VALUES (4, 45, 130, 14741, 0, 0);
INSERT INTO result VALUES (4, 194, 131, 14741, 0, 0);
INSERT INTO result VALUES (4, 193, 132, 14741, 0, 0);
INSERT INTO result VALUES (4, 56, 133, 14741, 0, 0);
INSERT INTO result VALUES (4, 24, 134, 14741, 0, 0);
INSERT INTO result VALUES (4, 27, 135, 14741, 0, 0);
INSERT INTO result VALUES (4, 134, 136, 14741, 0, 0);
INSERT INTO result VALUES (4, 132, 137, 14741, 0, 0);
INSERT INTO result VALUES (4, 215, 138, 14741, 0, 0);
INSERT INTO result VALUES (4, 184, 139, 14741, 0, 0);
INSERT INTO result VALUES (4, 165, 140, 14741, 0, 0);
INSERT INTO result VALUES (4, 77, 141, 14741, 0, 0);
INSERT INTO result VALUES (4, 32, 142, 14741, 0, 0);
INSERT INTO result VALUES (4, 37, 143, 14741, 0, 0);
INSERT INTO result VALUES (4, 52, 144, 14741, 0, 0);
INSERT INTO result VALUES (4, 76, 145, 14741, 0, 0);
INSERT INTO result VALUES (4, 135, 146, 14741, 0, 0);
INSERT INTO result VALUES (4, 185, 147, 14741, 0, 0);
INSERT INTO result VALUES (4, 148, 148, 14741, 0, 0);
INSERT INTO result VALUES (4, 147, 149, 14741, 0, 0);
INSERT INTO result VALUES (4, 143, 150, 14741, 0, 0);
INSERT INTO result VALUES (4, 217, 151, 14741, 0, 0);
INSERT INTO result VALUES (4, 223, 152, 14741, 0, 0);
INSERT INTO result VALUES (4, 53, 153, 14741, 0, 0);
INSERT INTO result VALUES (4, 57, 154, 14741, 0, 0);
INSERT INTO result VALUES (4, 125, 155, 14741, 0, 0);
INSERT INTO result VALUES (4, 105, 156, 14741, 0, 0);
INSERT INTO result VALUES (4, 108, 157, 14741, 0, 0);
INSERT INTO result VALUES (4, 112, 158, 14741, 0, 0);
INSERT INTO result VALUES (4, 115, 159, 14741, 0, 0);
INSERT INTO result VALUES (4, 142, 160, 14741, 0, 0);
INSERT INTO result VALUES (4, 102, 161, 14741, 0, 0);
INSERT INTO result VALUES (4, 126, 162, 14741, 0, 0);
INSERT INTO result VALUES (4, 214, 163, 14741, 0, 0);
INSERT INTO result VALUES (4, 204, 164, 14741, 0, 0);
INSERT INTO result VALUES (4, 228, 165, 14741, 0, 0);
INSERT INTO result VALUES (4, 202, 166, 14741, 0, 0);
INSERT INTO result VALUES (4, 81, 167, 14741, 0, 0);
INSERT INTO result VALUES (4, 196, 168, 14741, 0, 0);
INSERT INTO result VALUES (4, 171, 169, 14741, 0, 0);
INSERT INTO result VALUES (4, 43, 170, 14741, 0, 0);
INSERT INTO result VALUES (4, 173, 171, 14741, 0, 0);
INSERT INTO result VALUES (4, 82, 172, 14741, 0, 0);
INSERT INTO result VALUES (4, 172, 173, 14773, 0, 0);
INSERT INTO result VALUES (4, 22, 174, 14775, 0, 0);
INSERT INTO result VALUES (4, 175, 175, 14775, 0, 0);
INSERT INTO result VALUES (4, 88, 176, 14775, 0, 0);
INSERT INTO result VALUES (4, 25, 177, 14785, 0, 0);
INSERT INTO result VALUES (4, 47, 178, 14798, 0, 0);
INSERT INTO result VALUES (4, 41, 179, 14798, 0, 0);
INSERT INTO result VALUES (4, 73, 180, 14798, 0, 0);
INSERT INTO result VALUES (4, 188, 181, 14893, 0, 0);
INSERT INTO result VALUES (5, 21, 1, 2202, 0, 0);
INSERT INTO result VALUES (5, 1, 2, 2218, 0, 0);
INSERT INTO result VALUES (5, 12, 3, 2235, 0, 0);
INSERT INTO result VALUES (5, 152, 4, 2237, 0, 0);
INSERT INTO result VALUES (5, 131, 5, 2251, 0, 0);
INSERT INTO result VALUES (5, 72, 6, 2260, 0, 0);
INSERT INTO result VALUES (5, 147, 7, 2264, 0, 0);
INSERT INTO result VALUES (5, 2, 8, 2276, 0, 0);
INSERT INTO result VALUES (5, 126, 9, 2279, 0, 0);
INSERT INTO result VALUES (5, 143, 10, 2280, 0, 0);
INSERT INTO result VALUES (5, 15, 11, 2281, 0, 0);
INSERT INTO result VALUES (5, 71, 12, 2281, 0, 0);
INSERT INTO result VALUES (5, 11, 13, 2283, 0, 0);
INSERT INTO result VALUES (5, 63, 14, 2287, 0, 0);
INSERT INTO result VALUES (5, 144, 15, 2299, 0, 0);
INSERT INTO result VALUES (5, 4, 16, 2299, 0, 0);
INSERT INTO result VALUES (5, 135, 17, 2300, 0, 0);
INSERT INTO result VALUES (5, 106, 18, 2306, 0, 0);
INSERT INTO result VALUES (5, 85, 19, 2308, 0, 0);
INSERT INTO result VALUES (5, 128, 20, 2308, 0, 0);
INSERT INTO result VALUES (5, 121, 21, 2309, 0, 0);
INSERT INTO result VALUES (5, 184, 22, 2323, 0, 0);
INSERT INTO result VALUES (5, 191, 23, 2324, 0, 0);
INSERT INTO result VALUES (5, 33, 24, 2328, 0, 0);
INSERT INTO result VALUES (5, 105, 25, 2330, 0, 0);
INSERT INTO result VALUES (5, 156, 26, 2335, 0, 0);
INSERT INTO result VALUES (5, 66, 27, 2337, 0, 0);
INSERT INTO result VALUES (5, 51, 28, 2340, 0, 0);
INSERT INTO result VALUES (5, 167, 29, 2349, 0, 0);
INSERT INTO result VALUES (5, 122, 30, 2351, 0, 0);
INSERT INTO result VALUES (5, 61, 31, 2355, 0, 0);
INSERT INTO result VALUES (5, 62, 32, 2357, 0, 0);
INSERT INTO result VALUES (5, 98, 33, 2360, 0, 0);
INSERT INTO result VALUES (5, 181, 34, 2372, 0, 0);
INSERT INTO result VALUES (5, 221, 35, 2373, 0, 0);
INSERT INTO result VALUES (5, 67, 36, 2376, 0, 0);
INSERT INTO result VALUES (5, 141, 37, 2379, 0, 0);
INSERT INTO result VALUES (5, 137, 38, 2385, 0, 0);
INSERT INTO result VALUES (5, 151, 39, 2386, 0, 0);
INSERT INTO result VALUES (5, 54, 40, 2388, 0, 0);
INSERT INTO result VALUES (5, 22, 41, 2390, 0, 0);
INSERT INTO result VALUES (5, 123, 42, 2392, 0, 0);
INSERT INTO result VALUES (5, 186, 43, 2397, 0, 0);
INSERT INTO result VALUES (5, 166, 44, 2399, 0, 0);
INSERT INTO result VALUES (5, 7, 45, 2401, 0, 0);
INSERT INTO result VALUES (5, 32, 46, 2409, 0, 0);
INSERT INTO result VALUES (5, 113, 47, 2411, 0, 0);
INSERT INTO result VALUES (5, 23, 48, 2412, 0, 0);
INSERT INTO result VALUES (5, 95, 49, 2412, 0, 0);
INSERT INTO result VALUES (5, 104, 50, 2415, 0, 0);
INSERT INTO result VALUES (5, 94, 51, 2417, 0, 0);
INSERT INTO result VALUES (5, 46, 52, 2417, 0, 0);
INSERT INTO result VALUES (5, 31, 53, 2418, 0, 0);
INSERT INTO result VALUES (5, 75, 54, 2422, 0, 0);
INSERT INTO result VALUES (5, 111, 55, 2422, 0, 0);
INSERT INTO result VALUES (5, 127, 56, 2423, 0, 0);
INSERT INTO result VALUES (5, 153, 57, 2426, 0, 0);
INSERT INTO result VALUES (5, 103, 58, 2427, 0, 0);
INSERT INTO result VALUES (5, 45, 59, 2427, 0, 0);
INSERT INTO result VALUES (5, 5, 60, 2427, 0, 0);
INSERT INTO result VALUES (5, 41, 61, 2429, 0, 0);
INSERT INTO result VALUES (5, 155, 62, 2433, 0, 0);
INSERT INTO result VALUES (5, 91, 63, 2434, 0, 0);
INSERT INTO result VALUES (5, 161, 64, 2434, 0, 0);
INSERT INTO result VALUES (5, 37, 65, 2435, 0, 0);
INSERT INTO result VALUES (5, 132, 66, 2435, 0, 0);
INSERT INTO result VALUES (5, 87, 67, 2436, 0, 0);
INSERT INTO result VALUES (5, 93, 68, 2439, 0, 0);
INSERT INTO result VALUES (5, 168, 69, 2439, 0, 0);
INSERT INTO result VALUES (5, 182, 70, 2440, 0, 0);
INSERT INTO result VALUES (5, 82, 71, 2442, 0, 0);
INSERT INTO result VALUES (5, 112, 72, 2443, 0, 0);
INSERT INTO result VALUES (5, 35, 73, 2445, 0, 0);
INSERT INTO result VALUES (5, 118, 74, 2446, 0, 0);
INSERT INTO result VALUES (5, 77, 75, 2447, 0, 0);
INSERT INTO result VALUES (5, 196, 76, 2449, 0, 0);
INSERT INTO result VALUES (5, 3, 77, 2449, 0, 0);
INSERT INTO result VALUES (5, 192, 78, 2450, 0, 0);
INSERT INTO result VALUES (5, 44, 79, 2451, 0, 0);
INSERT INTO result VALUES (5, 27, 80, 2453, 0, 0);
INSERT INTO result VALUES (5, 217, 81, 2454, 0, 0);
INSERT INTO result VALUES (5, 78, 82, 2456, 0, 0);
INSERT INTO result VALUES (5, 194, 83, 2459, 0, 0);
INSERT INTO result VALUES (5, 116, 84, 2461, 0, 0);
INSERT INTO result VALUES (5, 48, 85, 2462, 0, 0);
INSERT INTO result VALUES (5, 86, 86, 2462, 0, 0);
INSERT INTO result VALUES (5, 24, 87, 2463, 0, 0);
INSERT INTO result VALUES (5, 108, 88, 2463, 0, 0);
INSERT INTO result VALUES (5, 214, 89, 2464, 0, 0);
INSERT INTO result VALUES (5, 204, 90, 2464, 0, 0);
INSERT INTO result VALUES (5, 107, 91, 2465, 0, 0);
INSERT INTO result VALUES (5, 38, 92, 2469, 0, 0);
INSERT INTO result VALUES (5, 164, 93, 2469, 0, 0);
INSERT INTO result VALUES (5, 187, 94, 2470, 0, 0);
INSERT INTO result VALUES (5, 36, 95, 2470, 0, 0);
INSERT INTO result VALUES (5, 218, 96, 2472, 0, 0);
INSERT INTO result VALUES (5, 162, 97, 2473, 0, 0);
INSERT INTO result VALUES (5, 142, 98, 2473, 0, 0);
INSERT INTO result VALUES (5, 47, 99, 2474, 0, 0);
INSERT INTO result VALUES (5, 17, 100, 2474, 0, 0);
INSERT INTO result VALUES (5, 8, 101, 2474, 0, 0);
INSERT INTO result VALUES (5, 34, 102, 2474, 0, 0);
INSERT INTO result VALUES (5, 96, 103, 2475, 0, 0);
INSERT INTO result VALUES (5, 43, 104, 2475, 0, 0);
INSERT INTO result VALUES (5, 76, 105, 2476, 0, 0);
INSERT INTO result VALUES (5, 202, 106, 2476, 0, 0);
INSERT INTO result VALUES (5, 203, 107, 2476, 0, 0);
INSERT INTO result VALUES (5, 125, 108, 2477, 0, 0);
INSERT INTO result VALUES (5, 134, 109, 2478, 0, 0);
INSERT INTO result VALUES (5, 223, 110, 2478, 0, 0);
INSERT INTO result VALUES (5, 158, 111, 2478, 0, 0);
INSERT INTO result VALUES (5, 97, 112, 2478, 0, 0);
INSERT INTO result VALUES (5, 197, 113, 2479, 0, 0);
INSERT INTO result VALUES (5, 81, 114, 2480, 0, 0);
INSERT INTO result VALUES (5, 133, 115, 2480, 0, 0);
INSERT INTO result VALUES (5, 165, 116, 2480, 0, 0);
INSERT INTO result VALUES (5, 157, 117, 2480, 0, 0);
INSERT INTO result VALUES (5, 136, 118, 2481, 0, 0);
INSERT INTO result VALUES (5, 176, 119, 2482, 0, 0);
INSERT INTO result VALUES (5, 18, 120, 2482, 0, 0);
INSERT INTO result VALUES (5, 222, 121, 2482, 0, 0);
INSERT INTO result VALUES (5, 148, 122, 2482, 0, 0);
INSERT INTO result VALUES (5, 57, 123, 2483, 0, 0);
INSERT INTO result VALUES (5, 145, 124, 2485, 0, 0);
INSERT INTO result VALUES (5, 212, 125, 2485, 0, 0);
INSERT INTO result VALUES (5, 6, 126, 2485, 0, 0);
INSERT INTO result VALUES (5, 114, 127, 2487, 0, 0);
INSERT INTO result VALUES (5, 92, 128, 2487, 0, 0);
INSERT INTO result VALUES (5, 205, 129, 2488, 0, 0);
INSERT INTO result VALUES (5, 124, 130, 2491, 0, 0);
INSERT INTO result VALUES (5, 207, 131, 2493, 0, 0);
INSERT INTO result VALUES (5, 13, 132, 2494, 0, 0);
INSERT INTO result VALUES (5, 183, 133, 2495, 0, 0);
INSERT INTO result VALUES (5, 224, 134, 2497, 0, 0);
INSERT INTO result VALUES (5, 215, 135, 2497, 0, 0);
INSERT INTO result VALUES (5, 138, 136, 2499, 0, 0);
INSERT INTO result VALUES (5, 58, 137, 2500, 0, 0);
INSERT INTO result VALUES (5, 146, 138, 2501, 0, 0);
INSERT INTO result VALUES (5, 74, 139, 2502, 0, 0);
INSERT INTO result VALUES (5, 206, 140, 2502, 0, 0);
INSERT INTO result VALUES (5, 42, 141, 2503, 0, 0);
INSERT INTO result VALUES (5, 102, 142, 2503, 0, 0);
INSERT INTO result VALUES (5, 115, 143, 2504, 0, 0);
INSERT INTO result VALUES (5, 171, 144, 2504, 0, 0);
INSERT INTO result VALUES (5, 84, 145, 2506, 0, 0);
INSERT INTO result VALUES (5, 228, 146, 2507, 0, 0);
INSERT INTO result VALUES (5, 16, 147, 2508, 0, 0);
INSERT INTO result VALUES (5, 198, 148, 2508, 0, 0);
INSERT INTO result VALUES (5, 226, 149, 2510, 0, 0);
INSERT INTO result VALUES (5, 208, 150, 2511, 0, 0);
INSERT INTO result VALUES (5, 172, 151, 2513, 0, 0);
INSERT INTO result VALUES (5, 177, 152, 2514, 0, 0);
INSERT INTO result VALUES (5, 216, 153, 2514, 0, 0);
INSERT INTO result VALUES (5, 163, 154, 2516, 0, 0);
INSERT INTO result VALUES (5, 83, 155, 2517, 0, 0);
INSERT INTO result VALUES (5, 227, 156, 2518, 0, 0);
INSERT INTO result VALUES (5, 188, 157, 2519, 0, 0);
INSERT INTO result VALUES (5, 201, 158, 2520, 0, 0);
INSERT INTO result VALUES (5, 25, 159, 2523, 0, 0);
INSERT INTO result VALUES (5, 73, 160, 2523, 0, 0);
INSERT INTO result VALUES (5, 174, 161, 2529, 0, 0);
INSERT INTO result VALUES (5, 88, 162, 2532, 0, 0);
INSERT INTO result VALUES (5, 52, 163, 2532, 0, 0);
INSERT INTO result VALUES (5, 225, 164, 2533, 0, 0);
INSERT INTO result VALUES (5, 65, 165, 2534, 0, 0);
INSERT INTO result VALUES (5, 55, 166, 2535, 0, 0);
INSERT INTO result VALUES (5, 178, 167, 2535, 0, 0);
INSERT INTO result VALUES (5, 26, 168, 2536, 0, 0);
INSERT INTO result VALUES (5, 56, 169, 2537, 0, 0);
INSERT INTO result VALUES (5, 195, 170, 2539, 0, 0);
INSERT INTO result VALUES (5, 68, 171, 2540, 0, 0);
INSERT INTO result VALUES (5, 173, 172, 2541, 0, 0);
INSERT INTO result VALUES (5, 28, 173, 2541, 0, 0);
INSERT INTO result VALUES (5, 175, 174, 2544, 0, 0);
INSERT INTO result VALUES (5, 53, 175, 2549, 0, 0);
INSERT INTO result VALUES (5, 193, 176, 2554, 0, 0);
INSERT INTO result VALUES (5, 14, 177, 2572, 0, 0);
INSERT INTO result VALUES (5, 117, 178, 2582, 0, 0);
INSERT INTO result VALUES (5, 211, 179, 2617, 0, 0);
INSERT INTO result VALUES (6, 31, 1, 15850, 10, 0);
INSERT INTO result VALUES (6, 84, 2, 16014, 6, 0);
INSERT INTO result VALUES (6, 117, 3, 16021, 4, 0);
INSERT INTO result VALUES (6, 122, 4, 16051, 0, 0);
INSERT INTO result VALUES (6, 18, 5, 16054, 0, 0);
INSERT INTO result VALUES (6, 142, 6, 16059, 0, 0);
INSERT INTO result VALUES (6, 171, 7, 16082, 0, 0);
INSERT INTO result VALUES (6, 106, 8, 16088, 0, 0);
INSERT INTO result VALUES (6, 1, 9, 16177, 0, 0);
INSERT INTO result VALUES (6, 11, 10, 16177, 0, 0);
INSERT INTO result VALUES (6, 15, 11, 16177, 0, 0);
INSERT INTO result VALUES (6, 21, 12, 16177, 0, 0);
INSERT INTO result VALUES (6, 191, 13, 16177, 0, 0);
INSERT INTO result VALUES (6, 131, 14, 16177, 0, 0);
INSERT INTO result VALUES (6, 72, 15, 16177, 0, 0);
INSERT INTO result VALUES (6, 151, 16, 16177, 0, 0);
INSERT INTO result VALUES (6, 51, 17, 16182, 0, 0);
INSERT INTO result VALUES (6, 141, 18, 16182, 0, 0);
INSERT INTO result VALUES (6, 71, 19, 16182, 0, 0);
INSERT INTO result VALUES (6, 186, 20, 16182, 0, 0);
INSERT INTO result VALUES (6, 176, 21, 16182, 0, 0);
INSERT INTO result VALUES (6, 221, 22, 16182, 0, 0);
INSERT INTO result VALUES (6, 2, 23, 16182, 0, 0);
INSERT INTO result VALUES (6, 54, 24, 16190, 0, 0);
INSERT INTO result VALUES (6, 66, 25, 16193, 0, 0);
INSERT INTO result VALUES (6, 161, 26, 16193, 0, 0);
INSERT INTO result VALUES (6, 137, 27, 16198, 0, 0);
INSERT INTO result VALUES (6, 91, 28, 16198, 0, 0);
INSERT INTO result VALUES (6, 94, 29, 16212, 0, 0);
INSERT INTO result VALUES (6, 95, 30, 16212, 0, 0);
INSERT INTO result VALUES (6, 13, 31, 16217, 0, 0);
INSERT INTO result VALUES (6, 96, 32, 16217, 0, 0);
INSERT INTO result VALUES (6, 85, 33, 16217, 0, 0);
INSERT INTO result VALUES (6, 181, 34, 16220, 0, 0);
INSERT INTO result VALUES (6, 156, 35, 16225, 0, 0);
INSERT INTO result VALUES (6, 203, 36, 16225, 0, 0);
INSERT INTO result VALUES (6, 153, 37, 16236, 0, 0);
INSERT INTO result VALUES (6, 3, 38, 16246, 0, 0);
INSERT INTO result VALUES (6, 62, 39, 16246, 0, 0);
INSERT INTO result VALUES (6, 227, 40, 16246, 0, 0);
INSERT INTO result VALUES (6, 192, 41, 16259, 0, 0);
INSERT INTO result VALUES (6, 121, 42, 16259, 0, 0);
INSERT INTO result VALUES (6, 136, 43, 16307, 0, 0);
INSERT INTO result VALUES (6, 178, 44, 16307, 0, 0);
INSERT INTO result VALUES (6, 146, 45, 16313, 0, 0);
INSERT INTO result VALUES (6, 138, 46, 16325, 0, 0);
INSERT INTO result VALUES (6, 78, 47, 16331, 0, 0);
INSERT INTO result VALUES (6, 126, 48, 16331, 0, 0);
INSERT INTO result VALUES (6, 113, 49, 16331, 0, 0);
INSERT INTO result VALUES (6, 183, 50, 16336, 0, 0);
INSERT INTO result VALUES (6, 104, 51, 16339, 0, 0);
INSERT INTO result VALUES (6, 93, 52, 16339, 0, 0);
INSERT INTO result VALUES (6, 8, 53, 16349, 0, 0);
INSERT INTO result VALUES (6, 157, 54, 16361, 0, 0);
INSERT INTO result VALUES (6, 26, 55, 16379, 0, 0);
INSERT INTO result VALUES (6, 7, 56, 16385, 0, 0);
INSERT INTO result VALUES (6, 152, 57, 16385, 0, 0);
INSERT INTO result VALUES (6, 225, 58, 16385, 0, 0);
INSERT INTO result VALUES (6, 184, 59, 16385, 0, 0);
INSERT INTO result VALUES (6, 87, 60, 16387, 0, 0);
INSERT INTO result VALUES (6, 155, 61, 16387, 0, 0);
INSERT INTO result VALUES (6, 23, 62, 16387, 0, 0);
INSERT INTO result VALUES (6, 28, 63, 16390, 0, 0);
INSERT INTO result VALUES (6, 148, 64, 16390, 0, 0);
INSERT INTO result VALUES (6, 207, 65, 16390, 0, 0);
INSERT INTO result VALUES (6, 201, 66, 16390, 0, 0);
INSERT INTO result VALUES (6, 212, 67, 16390, 0, 0);
INSERT INTO result VALUES (6, 144, 68, 16390, 0, 0);
INSERT INTO result VALUES (6, 22, 69, 16390, 0, 0);
INSERT INTO result VALUES (6, 198, 70, 16390, 0, 0);
INSERT INTO result VALUES (6, 174, 71, 16390, 0, 0);
INSERT INTO result VALUES (6, 182, 72, 16390, 0, 0);
INSERT INTO result VALUES (6, 57, 73, 16390, 0, 0);
INSERT INTO result VALUES (6, 111, 74, 16390, 0, 0);
INSERT INTO result VALUES (6, 195, 75, 16396, 0, 0);
INSERT INTO result VALUES (6, 143, 76, 16396, 0, 0);
INSERT INTO result VALUES (6, 135, 77, 16396, 0, 0);
INSERT INTO result VALUES (6, 16, 78, 16402, 0, 0);
INSERT INTO result VALUES (6, 14, 79, 16402, 0, 0);
INSERT INTO result VALUES (6, 61, 80, 16402, 0, 0);
INSERT INTO result VALUES (6, 63, 81, 16405, 0, 0);
INSERT INTO result VALUES (6, 108, 82, 16414, 0, 0);
INSERT INTO result VALUES (6, 35, 83, 16420, 0, 0);
INSERT INTO result VALUES (6, 34, 84, 16420, 0, 0);
INSERT INTO result VALUES (6, 36, 85, 16420, 0, 0);
INSERT INTO result VALUES (6, 33, 86, 16430, 0, 0);
INSERT INTO result VALUES (6, 37, 87, 16432, 0, 0);
INSERT INTO result VALUES (6, 86, 88, 16454, 0, 0);
INSERT INTO result VALUES (6, 206, 89, 16454, 0, 0);
INSERT INTO result VALUES (6, 145, 90, 16475, 0, 0);
INSERT INTO result VALUES (6, 56, 91, 16480, 0, 0);
INSERT INTO result VALUES (6, 65, 92, 16482, 0, 0);
INSERT INTO result VALUES (6, 74, 93, 16482, 0, 0);
INSERT INTO result VALUES (6, 75, 94, 16486, 0, 0);
INSERT INTO result VALUES (6, 25, 95, 16486, 0, 0);
INSERT INTO result VALUES (6, 55, 96, 16492, 0, 0);
INSERT INTO result VALUES (6, 83, 97, 16562, 0, 0);
INSERT INTO result VALUES (6, 162, 98, 16562, 0, 0);
INSERT INTO result VALUES (6, 147, 99, 16562, 0, 0);
INSERT INTO result VALUES (6, 118, 100, 16612, 0, 0);
INSERT INTO result VALUES (6, 6, 101, 16693, 0, 0);
INSERT INTO result VALUES (6, 5, 102, 16693, 0, 0);
INSERT INTO result VALUES (6, 4, 103, 16977, 0, 0);
INSERT INTO result VALUES (6, 187, 104, 17044, 0, 0);
INSERT INTO result VALUES (6, 158, 105, 17044, 0, 0);
INSERT INTO result VALUES (6, 222, 106, 17044, 0, 0);
INSERT INTO result VALUES (6, 46, 107, 17044, 0, 0);
INSERT INTO result VALUES (6, 196, 108, 17044, 0, 0);
INSERT INTO result VALUES (6, 48, 109, 17044, 0, 0);
INSERT INTO result VALUES (6, 116, 110, 17044, 0, 0);
INSERT INTO result VALUES (6, 77, 111, 17044, 0, 0);
INSERT INTO result VALUES (6, 128, 112, 17044, 0, 0);
INSERT INTO result VALUES (6, 218, 113, 17044, 0, 0);
INSERT INTO result VALUES (6, 216, 114, 17044, 0, 0);
INSERT INTO result VALUES (6, 164, 115, 17044, 0, 0);
INSERT INTO result VALUES (6, 67, 116, 17044, 0, 0);
INSERT INTO result VALUES (6, 17, 117, 17044, 0, 0);
INSERT INTO result VALUES (6, 105, 118, 17044, 0, 0);
INSERT INTO result VALUES (6, 112, 119, 17044, 0, 0);
INSERT INTO result VALUES (6, 202, 120, 17044, 0, 0);
INSERT INTO result VALUES (6, 107, 121, 17044, 0, 0);
INSERT INTO result VALUES (6, 114, 122, 17044, 0, 0);
INSERT INTO result VALUES (6, 42, 123, 17044, 0, 0);
INSERT INTO result VALUES (6, 205, 124, 17044, 0, 0);
INSERT INTO result VALUES (6, 197, 125, 17044, 0, 0);
INSERT INTO result VALUES (6, 32, 126, 17044, 0, 0);
INSERT INTO result VALUES (6, 226, 127, 17065, 0, 0);
INSERT INTO result VALUES (6, 228, 128, 17068, 0, 0);
INSERT INTO result VALUES (6, 168, 129, 17075, 0, 0);
INSERT INTO result VALUES (6, 58, 130, 17162, 0, 0);
INSERT INTO result VALUES (6, 177, 131, 17162, 0, 0);
INSERT INTO result VALUES (6, 173, 132, 17165, 0, 0);
INSERT INTO result VALUES (6, 163, 133, 17169, 0, 0);
INSERT INTO result VALUES (6, 167, 134, 17169, 0, 0);
INSERT INTO result VALUES (6, 98, 135, 17617, 0, 0);
INSERT INTO result VALUES (6, 102, 136, 17617, 0, 0);
INSERT INTO result VALUES (6, 92, 137, 17617, 0, 0);
INSERT INTO result VALUES (6, 45, 138, 17617, 0, 0);
INSERT INTO result VALUES (6, 133, 139, 17617, 0, 0);
INSERT INTO result VALUES (6, 194, 140, 17617, 0, 0);
INSERT INTO result VALUES (6, 43, 141, 17617, 0, 0);
INSERT INTO result VALUES (6, 127, 142, 17617, 0, 0);
INSERT INTO result VALUES (6, 97, 143, 17617, 0, 0);
INSERT INTO result VALUES (6, 193, 144, 17617, 0, 0);
INSERT INTO result VALUES (6, 175, 145, 17617, 0, 0);
INSERT INTO result VALUES (6, 204, 146, 17617, 0, 0);
INSERT INTO result VALUES (6, 38, 147, 17617, 0, 0);
INSERT INTO result VALUES (6, 53, 148, 17617, 0, 0);
INSERT INTO result VALUES (6, 47, 149, 17617, 0, 0);
INSERT INTO result VALUES (6, 208, 150, 17623, 0, 0);
INSERT INTO result VALUES (6, 76, 151, 17623, 0, 0);
INSERT INTO result VALUES (6, 12, 152, 17623, 0, 0);
INSERT INTO result VALUES (6, 224, 153, 17623, 0, 0);
INSERT INTO result VALUES (6, 68, 154, 17623, 0, 0);
INSERT INTO result VALUES (6, 52, 155, 17623, 0, 0);
INSERT INTO result VALUES (6, 132, 156, 17623, 0, 0);
INSERT INTO result VALUES (6, 123, 157, 17623, 0, 0);
INSERT INTO result VALUES (6, 165, 158, 17623, 0, 0);
INSERT INTO result VALUES (6, 124, 159, 17623, 0, 0);
INSERT INTO result VALUES (6, 115, 160, 17623, 0, 0);
INSERT INTO result VALUES (6, 134, 161, 17623, 0, 0);
INSERT INTO result VALUES (6, 215, 162, 17623, 0, 0);
INSERT INTO result VALUES (6, 27, 163, 17623, 0, 0);
INSERT INTO result VALUES (6, 81, 164, 17623, 0, 0);
INSERT INTO result VALUES (6, 24, 165, 17623, 0, 0);
INSERT INTO result VALUES (6, 44, 166, 17623, 0, 0);
INSERT INTO result VALUES (6, 41, 167, 17623, 0, 0);
INSERT INTO result VALUES (6, 125, 168, 17623, 0, 0);
INSERT INTO result VALUES (6, 88, 169, 17623, 0, 0);
INSERT INTO result VALUES (6, 217, 170, 17623, 0, 0);
INSERT INTO result VALUES (6, 223, 171, 17623, 0, 0);
INSERT INTO result VALUES (6, 214, 172, 17634, 0, 0);
INSERT INTO result VALUES (6, 103, 173, 17634, 0, 0);
INSERT INTO result VALUES (6, 211, 174, 17638, 0, 0);
INSERT INTO result VALUES (6, 82, 175, 17647, 0, 0);
INSERT INTO result VALUES (6, 172, 176, 17647, 0, 0);
INSERT INTO result VALUES (6, 188, 177, 17657, 0, 0);
INSERT INTO result VALUES (6, 73, 178, 17657, 0, 0);
INSERT INTO result VALUES (6, 166, 179, 17665, 0, 0);
INSERT INTO result VALUES (7, 1, 1, 14739, 10, 0);
INSERT INTO result VALUES (7, 11, 2, 14739, 6, 0);
INSERT INTO result VALUES (7, 191, 3, 14741, 4, 0);
INSERT INTO result VALUES (7, 151, 4, 14741, 0, 0);
INSERT INTO result VALUES (7, 15, 5, 14741, 0, 0);
INSERT INTO result VALUES (7, 21, 6, 14741, 0, 0);
INSERT INTO result VALUES (7, 131, 7, 14741, 0, 0);
INSERT INTO result VALUES (7, 3, 8, 14746, 0, 0);
INSERT INTO result VALUES (7, 65, 9, 14754, 0, 0);
INSERT INTO result VALUES (7, 221, 10, 14760, 0, 0);
INSERT INTO result VALUES (7, 186, 11, 14760, 0, 0);
INSERT INTO result VALUES (7, 85, 12, 14760, 0, 0);
INSERT INTO result VALUES (7, 94, 13, 14760, 0, 0);
INSERT INTO result VALUES (7, 72, 14, 14760, 0, 0);
INSERT INTO result VALUES (7, 66, 15, 14760, 0, 0);
INSERT INTO result VALUES (7, 71, 16, 14760, 0, 0);
INSERT INTO result VALUES (7, 137, 17, 14774, 0, 0);
INSERT INTO result VALUES (7, 104, 18, 14788, 0, 0);
INSERT INTO result VALUES (7, 141, 19, 14790, 0, 0);
INSERT INTO result VALUES (7, 176, 20, 14800, 0, 0);
INSERT INTO result VALUES (7, 212, 21, 14800, 0, 0);
INSERT INTO result VALUES (7, 106, 22, 14819, 0, 0);
INSERT INTO result VALUES (7, 96, 23, 14822, 0, 0);
INSERT INTO result VALUES (7, 13, 24, 14822, 0, 0);
INSERT INTO result VALUES (7, 198, 25, 14822, 0, 0);
INSERT INTO result VALUES (7, 31, 26, 14844, 0, 0);
INSERT INTO result VALUES (7, 8, 27, 14865, 0, 0);
INSERT INTO result VALUES (7, 161, 28, 14876, 0, 0);
INSERT INTO result VALUES (7, 91, 29, 14876, 0, 0);
INSERT INTO result VALUES (7, 28, 30, 14890, 0, 0);
INSERT INTO result VALUES (7, 18, 31, 14890, 0, 0);
INSERT INTO result VALUES (7, 7, 32, 14890, 0, 0);
INSERT INTO result VALUES (7, 121, 33, 14890, 0, 0);
INSERT INTO result VALUES (7, 135, 34, 14899, 0, 0);
INSERT INTO result VALUES (7, 17, 35, 14908, 0, 0);
INSERT INTO result VALUES (7, 6, 36, 14918, 0, 0);
INSERT INTO result VALUES (7, 156, 37, 14922, 0, 0);
INSERT INTO result VALUES (7, 34, 38, 14935, 0, 0);
INSERT INTO result VALUES (7, 95, 39, 14935, 0, 0);
INSERT INTO result VALUES (7, 225, 40, 14935, 0, 0);
INSERT INTO result VALUES (7, 78, 41, 14959, 0, 0);
INSERT INTO result VALUES (7, 86, 42, 14977, 0, 0);
INSERT INTO result VALUES (7, 153, 43, 14983, 0, 0);
INSERT INTO result VALUES (7, 16, 44, 14983, 0, 0);
INSERT INTO result VALUES (7, 62, 45, 14983, 0, 0);
INSERT INTO result VALUES (7, 23, 46, 14983, 0, 0);
INSERT INTO result VALUES (7, 164, 47, 14983, 0, 0);
INSERT INTO result VALUES (7, 146, 48, 14983, 0, 0);
INSERT INTO result VALUES (7, 26, 49, 14986, 0, 0);
INSERT INTO result VALUES (7, 116, 50, 14995, 0, 0);
INSERT INTO result VALUES (7, 111, 51, 14995, 0, 0);
INSERT INTO result VALUES (7, 192, 52, 15031, 0, 0);
INSERT INTO result VALUES (7, 35, 53, 15031, 0, 0);
INSERT INTO result VALUES (7, 147, 54, 15035, 0, 0);
INSERT INTO result VALUES (7, 174, 55, 15040, 0, 0);
INSERT INTO result VALUES (7, 133, 56, 15040, 0, 0);
INSERT INTO result VALUES (7, 157, 57, 15055, 0, 0);
INSERT INTO result VALUES (7, 158, 58, 15117, 0, 0);
INSERT INTO result VALUES (7, 194, 59, 15117, 0, 0);
INSERT INTO result VALUES (7, 183, 60, 15117, 0, 0);
INSERT INTO result VALUES (7, 138, 61, 15117, 0, 0);
INSERT INTO result VALUES (7, 67, 62, 15117, 0, 0);
INSERT INTO result VALUES (7, 155, 63, 15117, 0, 0);
INSERT INTO result VALUES (7, 226, 64, 15161, 0, 0);
INSERT INTO result VALUES (7, 36, 65, 15185, 0, 0);
INSERT INTO result VALUES (7, 182, 66, 15185, 0, 0);
INSERT INTO result VALUES (7, 184, 67, 15185, 0, 0);
INSERT INTO result VALUES (7, 93, 68, 15185, 0, 0);
INSERT INTO result VALUES (7, 222, 69, 15185, 0, 0);
INSERT INTO result VALUES (7, 98, 70, 15185, 0, 0);
INSERT INTO result VALUES (7, 25, 71, 15197, 0, 0);
INSERT INTO result VALUES (7, 118, 72, 15198, 0, 0);
INSERT INTO result VALUES (7, 122, 73, 15198, 0, 0);
INSERT INTO result VALUES (7, 61, 74, 15198, 0, 0);
INSERT INTO result VALUES (7, 177, 75, 15198, 0, 0);
INSERT INTO result VALUES (7, 108, 76, 15201, 0, 0);
INSERT INTO result VALUES (7, 14, 77, 15214, 0, 0);
INSERT INTO result VALUES (7, 84, 78, 15231, 0, 0);
INSERT INTO result VALUES (7, 42, 79, 15231, 0, 0);
INSERT INTO result VALUES (7, 145, 80, 15261, 0, 0);
INSERT INTO result VALUES (7, 132, 81, 15281, 0, 0);
INSERT INTO result VALUES (7, 46, 82, 15281, 0, 0);
INSERT INTO result VALUES (7, 136, 83, 15281, 0, 0);
INSERT INTO result VALUES (7, 201, 84, 15281, 0, 0);
INSERT INTO result VALUES (7, 152, 85, 15281, 0, 0);
INSERT INTO result VALUES (7, 168, 86, 15281, 0, 0);
INSERT INTO result VALUES (7, 87, 87, 15287, 0, 0);
INSERT INTO result VALUES (7, 218, 88, 15287, 0, 0);
INSERT INTO result VALUES (7, 181, 89, 15287, 0, 0);
INSERT INTO result VALUES (7, 97, 90, 15287, 0, 0);
INSERT INTO result VALUES (7, 178, 91, 15287, 0, 0);
INSERT INTO result VALUES (7, 148, 92, 15287, 0, 0);
INSERT INTO result VALUES (7, 227, 93, 15309, 0, 0);
INSERT INTO result VALUES (7, 83, 94, 15310, 0, 0);
INSERT INTO result VALUES (7, 32, 95, 15333, 0, 0);
INSERT INTO result VALUES (7, 75, 96, 15333, 0, 0);
INSERT INTO result VALUES (7, 74, 97, 15333, 0, 0);
INSERT INTO result VALUES (7, 144, 98, 15352, 0, 0);
INSERT INTO result VALUES (7, 2, 99, 15352, 0, 0);
INSERT INTO result VALUES (7, 107, 100, 15356, 0, 0);
INSERT INTO result VALUES (7, 103, 101, 15356, 0, 0);
INSERT INTO result VALUES (7, 223, 102, 15398, 0, 0);
INSERT INTO result VALUES (7, 105, 103, 15445, 0, 0);
INSERT INTO result VALUES (7, 12, 104, 15445, 0, 0);
INSERT INTO result VALUES (7, 166, 105, 15445, 0, 0);
INSERT INTO result VALUES (7, 127, 106, 15445, 0, 0);
INSERT INTO result VALUES (7, 48, 107, 15445, 0, 0);
INSERT INTO result VALUES (7, 45, 108, 15445, 0, 0);
INSERT INTO result VALUES (7, 24, 109, 15445, 0, 0);
INSERT INTO result VALUES (7, 27, 110, 15445, 0, 0);
INSERT INTO result VALUES (7, 5, 111, 15445, 0, 0);
INSERT INTO result VALUES (7, 205, 112, 15462, 0, 0);
INSERT INTO result VALUES (7, 207, 113, 15462, 0, 0);
INSERT INTO result VALUES (7, 206, 114, 15462, 0, 0);
INSERT INTO result VALUES (7, 196, 115, 15483, 0, 0);
INSERT INTO result VALUES (7, 123, 116, 15514, 0, 0);
INSERT INTO result VALUES (7, 125, 117, 15532, 0, 0);
INSERT INTO result VALUES (7, 56, 118, 15532, 0, 0);
INSERT INTO result VALUES (7, 57, 119, 15532, 0, 0);
INSERT INTO result VALUES (7, 51, 120, 15532, 0, 0);
INSERT INTO result VALUES (7, 124, 121, 15532, 0, 0);
INSERT INTO result VALUES (7, 163, 122, 15548, 0, 0);
INSERT INTO result VALUES (7, 187, 123, 15568, 0, 0);
INSERT INTO result VALUES (7, 188, 124, 15568, 0, 0);
INSERT INTO result VALUES (7, 4, 125, 15568, 0, 0);
INSERT INTO result VALUES (7, 202, 126, 15584, 0, 0);
INSERT INTO result VALUES (7, 216, 127, 15584, 0, 0);
INSERT INTO result VALUES (7, 33, 128, 15584, 0, 0);
INSERT INTO result VALUES (7, 165, 129, 15592, 0, 0);
INSERT INTO result VALUES (7, 204, 130, 15592, 0, 0);
INSERT INTO result VALUES (7, 208, 131, 15592, 0, 0);
INSERT INTO result VALUES (7, 171, 132, 15592, 0, 0);
INSERT INTO result VALUES (7, 115, 133, 15592, 0, 0);
INSERT INTO result VALUES (7, 102, 134, 15592, 0, 0);
INSERT INTO result VALUES (7, 128, 135, 15592, 0, 0);
INSERT INTO result VALUES (7, 114, 136, 15592, 0, 0);
INSERT INTO result VALUES (7, 203, 137, 15592, 0, 0);
INSERT INTO result VALUES (7, 162, 138, 15592, 0, 0);
INSERT INTO result VALUES (7, 77, 139, 15592, 0, 0);
INSERT INTO result VALUES (7, 58, 140, 15592, 0, 0);
INSERT INTO result VALUES (7, 52, 141, 15592, 0, 0);
INSERT INTO result VALUES (7, 53, 142, 15592, 0, 0);
INSERT INTO result VALUES (7, 214, 143, 15592, 0, 0);
INSERT INTO result VALUES (7, 126, 144, 15592, 0, 0);
INSERT INTO result VALUES (7, 215, 145, 15592, 0, 0);
INSERT INTO result VALUES (7, 217, 146, 15592, 0, 0);
INSERT INTO result VALUES (7, 134, 147, 15592, 0, 0);
INSERT INTO result VALUES (7, 38, 148, 15592, 0, 0);
INSERT INTO result VALUES (7, 143, 149, 15592, 0, 0);
INSERT INTO result VALUES (7, 142, 150, 15592, 0, 0);
INSERT INTO result VALUES (7, 117, 151, 15592, 0, 0);
INSERT INTO result VALUES (7, 63, 152, 15608, 0, 0);
INSERT INTO result VALUES (7, 175, 153, 15608, 0, 0);
INSERT INTO result VALUES (7, 55, 154, 15617, 0, 0);
INSERT INTO result VALUES (7, 76, 155, 15618, 0, 0);
INSERT INTO result VALUES (7, 193, 156, 15621, 0, 0);
INSERT INTO result VALUES (7, 43, 157, 15621, 0, 0);
INSERT INTO result VALUES (7, 197, 158, 15635, 0, 0);
INSERT INTO result VALUES (7, 195, 159, 15635, 0, 0);
INSERT INTO result VALUES (7, 173, 160, 15635, 0, 0);
INSERT INTO result VALUES (7, 172, 161, 15635, 0, 0);
INSERT INTO result VALUES (7, 68, 162, 15635, 0, 0);
INSERT INTO result VALUES (7, 92, 163, 15635, 0, 0);
INSERT INTO result VALUES (7, 37, 164, 15635, 0, 0);
INSERT INTO result VALUES (7, 167, 165, 15635, 0, 0);
INSERT INTO result VALUES (7, 224, 166, 15755, 0, 0);
INSERT INTO result VALUES (7, 112, 167, 15755, 0, 0);
INSERT INTO result VALUES (7, 47, 168, 15782, 0, 0);
INSERT INTO result VALUES (7, 44, 169, 15782, 0, 0);
INSERT INTO result VALUES (7, 41, 170, 15782, 0, 0);
INSERT INTO result VALUES (7, 113, 171, 15782, 0, 0);
INSERT INTO result VALUES (7, 228, 172, 15782, 0, 0);
INSERT INTO result VALUES (7, 73, 173, 15782, 0, 0);
INSERT INTO result VALUES (7, 81, 174, 15782, 0, 0);
INSERT INTO result VALUES (7, 211, 175, 15793, 0, 0);
INSERT INTO result VALUES (7, 82, 176, 15799, 0, 0);
INSERT INTO result VALUES (7, 88, 177, 15799, 0, 0);
INSERT INTO result VALUES (8, 81, 1, 13826, 10, 10);
INSERT INTO result VALUES (8, 17, 2, 13826, 6, 0);
INSERT INTO result VALUES (8, 103, 3, 13826, 4, 0);
INSERT INTO result VALUES (8, 202, 4, 13826, 0, 0);
INSERT INTO result VALUES (8, 211, 5, 13826, 0, 0);
INSERT INTO result VALUES (8, 195, 6, 13826, 0, 0);
INSERT INTO result VALUES (8, 163, 7, 13826, 0, 0);
INSERT INTO result VALUES (8, 112, 8, 13826, 0, 0);
INSERT INTO result VALUES (8, 32, 9, 13826, 0, 0);
INSERT INTO result VALUES (8, 224, 10, 13826, 0, 0);
INSERT INTO result VALUES (8, 77, 11, 13826, 0, 0);
INSERT INTO result VALUES (8, 52, 12, 13826, 0, 0);
INSERT INTO result VALUES (8, 92, 13, 13826, 0, 0);
INSERT INTO result VALUES (8, 158, 14, 13826, 0, 0);
INSERT INTO result VALUES (8, 68, 15, 13826, 0, 0);
INSERT INTO result VALUES (8, 124, 16, 13826, 0, 0);
INSERT INTO result VALUES (8, 187, 17, 13826, 0, 0);
INSERT INTO result VALUES (8, 173, 18, 13826, 0, 0);
INSERT INTO result VALUES (8, 41, 19, 13826, 0, 0);
INSERT INTO result VALUES (8, 134, 20, 13826, 0, 0);
INSERT INTO result VALUES (8, 106, 21, 13826, 0, 0);
INSERT INTO result VALUES (8, 165, 22, 13826, 0, 0);
INSERT INTO result VALUES (8, 131, 23, 13826, 0, 0);
INSERT INTO result VALUES (8, 175, 24, 13826, 0, 0);
INSERT INTO result VALUES (8, 221, 25, 13826, 0, 0);
INSERT INTO result VALUES (8, 161, 26, 13826, 0, 0);
INSERT INTO result VALUES (8, 91, 27, 13826, 0, 0);
INSERT INTO result VALUES (8, 31, 28, 13826, 0, 0);
INSERT INTO result VALUES (8, 21, 29, 13826, 0, 0);
INSERT INTO result VALUES (8, 156, 30, 13826, 0, 0);
INSERT INTO result VALUES (8, 153, 31, 13826, 0, 0);
INSERT INTO result VALUES (8, 7, 32, 13826, 0, 0);
INSERT INTO result VALUES (8, 141, 33, 13826, 0, 0);
INSERT INTO result VALUES (8, 3, 34, 13826, 0, 0);
INSERT INTO result VALUES (8, 186, 35, 13826, 0, 0);
INSERT INTO result VALUES (8, 191, 36, 13826, 0, 0);
INSERT INTO result VALUES (8, 85, 37, 13826, 0, 0);
INSERT INTO result VALUES (8, 11, 38, 13826, 0, 0);
INSERT INTO result VALUES (8, 15, 39, 13826, 0, 0);
INSERT INTO result VALUES (8, 66, 40, 13826, 0, 0);
INSERT INTO result VALUES (8, 93, 41, 13826, 0, 0);
INSERT INTO result VALUES (8, 1, 42, 13826, 0, 0);
INSERT INTO result VALUES (8, 72, 43, 13826, 0, 0);
INSERT INTO result VALUES (8, 208, 44, 13826, 0, 0);
INSERT INTO result VALUES (8, 137, 45, 13826, 0, 0);
INSERT INTO result VALUES (8, 75, 46, 13826, 0, 0);
INSERT INTO result VALUES (8, 71, 47, 13826, 0, 0);
INSERT INTO result VALUES (8, 28, 48, 13826, 0, 0);
INSERT INTO result VALUES (8, 14, 49, 13826, 0, 0);
INSERT INTO result VALUES (8, 151, 50, 13826, 0, 0);
INSERT INTO result VALUES (8, 178, 51, 13826, 0, 0);
INSERT INTO result VALUES (8, 184, 52, 13841, 0, 0);
INSERT INTO result VALUES (8, 155, 53, 13841, 0, 0);
INSERT INTO result VALUES (8, 177, 54, 13841, 0, 0);
INSERT INTO result VALUES (8, 121, 55, 13841, 0, 0);
INSERT INTO result VALUES (8, 24, 56, 13849, 0, 0);
INSERT INTO result VALUES (8, 212, 57, 13849, 0, 0);
INSERT INTO result VALUES (8, 38, 58, 13849, 0, 0);
INSERT INTO result VALUES (8, 193, 59, 13859, 0, 0);
INSERT INTO result VALUES (8, 138, 60, 13859, 0, 0);
INSERT INTO result VALUES (8, 74, 61, 13859, 0, 0);
INSERT INTO result VALUES (8, 65, 62, 13867, 0, 0);
INSERT INTO result VALUES (8, 96, 63, 13867, 0, 0);
INSERT INTO result VALUES (8, 35, 64, 13867, 0, 0);
INSERT INTO result VALUES (8, 23, 65, 13867, 0, 0);
INSERT INTO result VALUES (8, 4, 66, 13867, 0, 0);
INSERT INTO result VALUES (8, 87, 67, 13867, 0, 0);
INSERT INTO result VALUES (8, 225, 68, 13874, 0, 0);
INSERT INTO result VALUES (8, 196, 69, 13879, 0, 0);
INSERT INTO result VALUES (8, 192, 70, 13879, 0, 0);
INSERT INTO result VALUES (8, 95, 71, 13879, 0, 0);
INSERT INTO result VALUES (8, 62, 72, 13879, 0, 0);
INSERT INTO result VALUES (8, 94, 73, 13879, 0, 0);
INSERT INTO result VALUES (8, 216, 74, 13879, 0, 0);
INSERT INTO result VALUES (8, 13, 75, 13879, 0, 0);
INSERT INTO result VALUES (8, 5, 76, 13879, 0, 0);
INSERT INTO result VALUES (8, 176, 77, 13879, 0, 0);
INSERT INTO result VALUES (8, 118, 78, 13879, 0, 0);
INSERT INTO result VALUES (8, 82, 79, 13879, 0, 0);
INSERT INTO result VALUES (8, 183, 80, 13879, 0, 0);
INSERT INTO result VALUES (8, 181, 81, 13879, 0, 0);
INSERT INTO result VALUES (8, 27, 82, 13879, 0, 0);
INSERT INTO result VALUES (8, 152, 83, 13879, 0, 0);
INSERT INTO result VALUES (8, 116, 84, 13879, 0, 0);
INSERT INTO result VALUES (8, 157, 85, 13879, 0, 0);
INSERT INTO result VALUES (8, 8, 86, 13879, 0, 0);
INSERT INTO result VALUES (8, 43, 87, 13897, 0, 0);
INSERT INTO result VALUES (8, 203, 88, 13897, 0, 0);
INSERT INTO result VALUES (8, 33, 89, 13897, 0, 0);
INSERT INTO result VALUES (8, 228, 90, 13897, 0, 0);
INSERT INTO result VALUES (8, 223, 91, 13897, 0, 0);
INSERT INTO result VALUES (8, 194, 92, 13897, 0, 0);
INSERT INTO result VALUES (8, 226, 93, 13897, 0, 0);
INSERT INTO result VALUES (8, 198, 94, 13897, 0, 0);
INSERT INTO result VALUES (8, 78, 95, 13897, 0, 0);
INSERT INTO result VALUES (8, 132, 96, 13897, 0, 0);
INSERT INTO result VALUES (8, 16, 97, 13897, 0, 0);
INSERT INTO result VALUES (8, 222, 98, 13897, 0, 0);
INSERT INTO result VALUES (8, 18, 99, 13897, 0, 0);
INSERT INTO result VALUES (8, 26, 100, 13897, 0, 0);
INSERT INTO result VALUES (8, 218, 101, 13897, 0, 0);
INSERT INTO result VALUES (8, 25, 102, 13897, 0, 0);
INSERT INTO result VALUES (8, 51, 103, 13897, 0, 0);
INSERT INTO result VALUES (8, 102, 104, 13897, 0, 0);
INSERT INTO result VALUES (8, 125, 105, 13897, 0, 0);
INSERT INTO result VALUES (8, 127, 106, 13897, 0, 0);
INSERT INTO result VALUES (8, 86, 107, 13897, 0, 0);
INSERT INTO result VALUES (8, 144, 108, 13897, 0, 0);
INSERT INTO result VALUES (8, 145, 109, 13897, 0, 0);
INSERT INTO result VALUES (8, 76, 110, 13897, 0, 0);
INSERT INTO result VALUES (8, 135, 111, 13897, 0, 0);
INSERT INTO result VALUES (8, 88, 112, 13921, 0, 0);
INSERT INTO result VALUES (8, 58, 113, 13928, 0, 0);
INSERT INTO result VALUES (8, 57, 114, 13928, 0, 0);
INSERT INTO result VALUES (8, 36, 115, 13928, 0, 0);
INSERT INTO result VALUES (8, 105, 116, 13939, 0, 0);
INSERT INTO result VALUES (8, 104, 117, 13939, 0, 0);
INSERT INTO result VALUES (8, 206, 118, 13939, 0, 0);
INSERT INTO result VALUES (8, 108, 119, 13939, 0, 0);
INSERT INTO result VALUES (8, 164, 120, 13939, 0, 0);
INSERT INTO result VALUES (8, 215, 121, 13939, 0, 0);
INSERT INTO result VALUES (8, 162, 122, 13939, 0, 0);
INSERT INTO result VALUES (8, 6, 123, 13939, 0, 0);
INSERT INTO result VALUES (8, 12, 124, 13948, 0, 0);
INSERT INTO result VALUES (8, 227, 125, 13948, 0, 0);
INSERT INTO result VALUES (8, 83, 126, 13948, 0, 0);
INSERT INTO result VALUES (8, 168, 127, 13959, 0, 0);
INSERT INTO result VALUES (8, 97, 128, 13959, 0, 20);
INSERT INTO result VALUES (8, 197, 129, 13967, 0, 0);
INSERT INTO result VALUES (8, 205, 130, 13967, 0, 0);
INSERT INTO result VALUES (8, 166, 131, 13967, 0, 0);
INSERT INTO result VALUES (8, 214, 132, 13967, 0, 0);
INSERT INTO result VALUES (8, 48, 133, 13967, 0, 0);
INSERT INTO result VALUES (8, 113, 134, 13967, 0, 0);
INSERT INTO result VALUES (8, 142, 135, 13967, 0, 0);
INSERT INTO result VALUES (8, 61, 136, 13967, 0, 0);
INSERT INTO result VALUES (8, 56, 137, 13967, 0, 0);
INSERT INTO result VALUES (8, 47, 138, 13967, 0, 0);
INSERT INTO result VALUES (8, 63, 139, 13991, 0, 0);
INSERT INTO result VALUES (8, 114, 140, 13998, 0, 0);
INSERT INTO result VALUES (8, 45, 141, 14009, 0, 0);
INSERT INTO result VALUES (8, 44, 142, 14009, 0, 0);
INSERT INTO result VALUES (8, 67, 143, 14009, 0, 0);
INSERT INTO result VALUES (8, 115, 144, 14030, 0, 0);
INSERT INTO result VALUES (8, 123, 145, 14030, 0, 0);
INSERT INTO result VALUES (8, 53, 146, 14041, 0, 0);
INSERT INTO result VALUES (8, 55, 147, 14041, 0, 0);
INSERT INTO result VALUES (8, 73, 148, 14077, 0, 0);
INSERT INTO result VALUES (8, 107, 149, 14077, 0, 0);
INSERT INTO result VALUES (8, 34, 150, 14077, 0, 0);
INSERT INTO result VALUES (8, 98, 151, 14087, 0, 0);
INSERT INTO result VALUES (8, 146, 152, 14087, 0, 0);
INSERT INTO result VALUES (8, 217, 153, 14087, 0, 0);
INSERT INTO result VALUES (8, 148, 154, 14087, 0, 0);
INSERT INTO result VALUES (8, 201, 155, 14087, 0, 0);
INSERT INTO result VALUES (8, 136, 156, 14087, 0, 0);
INSERT INTO result VALUES (8, 182, 157, 14087, 0, 0);
INSERT INTO result VALUES (8, 133, 158, 14094, 0, 0);
INSERT INTO result VALUES (8, 204, 159, 14098, 0, 0);
INSERT INTO result VALUES (8, 84, 160, 14105, 0, 0);
INSERT INTO result VALUES (8, 171, 161, 14105, 0, 0);
INSERT INTO result VALUES (8, 147, 162, 14113, 0, 0);
INSERT INTO result VALUES (8, 143, 163, 14113, 0, 0);
INSERT INTO result VALUES (8, 174, 164, 14133, 0, 0);
INSERT INTO result VALUES (8, 172, 165, 14133, 0, 0);
INSERT INTO result VALUES (8, 167, 166, 14214, 0, 0);
INSERT INTO result VALUES (8, 188, 167, 14214, 0, 0);
INSERT INTO result VALUES (8, 2, 168, 14228, 0, 0);
INSERT INTO result VALUES (8, 126, 169, 14228, 0, 0);
INSERT INTO result VALUES (8, 37, 170, 14228, 0, 0);
INSERT INTO result VALUES (8, 42, 171, 14232, 0, 0);
INSERT INTO result VALUES (8, 207, 172, 14273, 0, 0);
INSERT INTO result VALUES (8, 117, 173, 14273, 0, 0);
INSERT INTO result VALUES (8, 111, 174, 14273, 0, 0);
INSERT INTO result VALUES (8, 128, 175, 14273, 0, 0);
INSERT INTO result VALUES (8, 46, 176, 14659, 0, 0);
INSERT INTO result VALUES (9, 24, 1, 12532, 10, 0);
INSERT INTO result VALUES (9, 81, 2, 12532, 6, 0);
INSERT INTO result VALUES (9, 211, 3, 12532, 4, 0);
INSERT INTO result VALUES (9, 193, 4, 12532, 0, 0);
INSERT INTO result VALUES (9, 97, 5, 12532, 0, 0);
INSERT INTO result VALUES (9, 41, 6, 12532, 0, 0);
INSERT INTO result VALUES (9, 52, 7, 12532, 0, 0);
INSERT INTO result VALUES (9, 73, 8, 12532, 0, 0);
INSERT INTO result VALUES (9, 224, 9, 12532, 0, 0);
INSERT INTO result VALUES (9, 103, 10, 12532, 0, 0);
INSERT INTO result VALUES (9, 165, 11, 12532, 0, 0);
INSERT INTO result VALUES (9, 202, 12, 12532, 0, 0);
INSERT INTO result VALUES (9, 134, 13, 12532, 0, 0);
INSERT INTO result VALUES (9, 187, 14, 12532, 0, 0);
INSERT INTO result VALUES (9, 124, 15, 12532, 0, 0);
INSERT INTO result VALUES (9, 112, 16, 12532, 0, 0);
INSERT INTO result VALUES (9, 158, 17, 12532, 0, 0);
INSERT INTO result VALUES (9, 118, 18, 12532, 0, 0);
INSERT INTO result VALUES (9, 77, 19, 12532, 0, 0);
INSERT INTO result VALUES (9, 173, 20, 12532, 0, 0);
INSERT INTO result VALUES (9, 163, 21, 12532, 0, 0);
INSERT INTO result VALUES (9, 175, 22, 12532, 0, 0);
INSERT INTO result VALUES (9, 145, 23, 12532, 0, 0);
INSERT INTO result VALUES (9, 91, 24, 12532, 0, 0);
INSERT INTO result VALUES (9, 66, 25, 12532, 0, 0);
INSERT INTO result VALUES (9, 1, 26, 12532, 0, 0);
INSERT INTO result VALUES (9, 11, 27, 12532, 0, 0);
INSERT INTO result VALUES (9, 198, 28, 12532, 0, 0);
INSERT INTO result VALUES (9, 136, 29, 12532, 0, 0);
INSERT INTO result VALUES (9, 21, 30, 12532, 0, 0);
INSERT INTO result VALUES (9, 208, 31, 12532, 0, 0);
INSERT INTO result VALUES (9, 131, 32, 12532, 0, 0);
INSERT INTO result VALUES (9, 221, 33, 12532, 0, 0);
INSERT INTO result VALUES (9, 71, 34, 12532, 0, 0);
INSERT INTO result VALUES (9, 68, 35, 12532, 0, 0);
INSERT INTO result VALUES (9, 72, 36, 12532, 0, 0);
INSERT INTO result VALUES (9, 177, 37, 12532, 0, 0);
INSERT INTO result VALUES (9, 85, 38, 12532, 0, 0);
INSERT INTO result VALUES (9, 155, 39, 12532, 0, 0);
INSERT INTO result VALUES (9, 141, 40, 12532, 0, 0);
INSERT INTO result VALUES (9, 184, 41, 12532, 0, 0);
INSERT INTO result VALUES (9, 153, 42, 12532, 0, 0);
INSERT INTO result VALUES (9, 15, 43, 12532, 0, 0);
INSERT INTO result VALUES (9, 157, 44, 12532, 0, 0);
INSERT INTO result VALUES (9, 31, 45, 12532, 0, 0);
INSERT INTO result VALUES (9, 156, 46, 12532, 0, 0);
INSERT INTO result VALUES (9, 186, 47, 12532, 0, 0);
INSERT INTO result VALUES (9, 151, 48, 12532, 0, 0);
INSERT INTO result VALUES (9, 191, 49, 12532, 0, 0);
INSERT INTO result VALUES (9, 192, 50, 12532, 0, 0);
INSERT INTO result VALUES (9, 65, 51, 12532, 0, 0);
INSERT INTO result VALUES (9, 27, 52, 12532, 0, 0);
INSERT INTO result VALUES (9, 205, 53, 12532, 0, 0);
INSERT INTO result VALUES (9, 161, 54, 12532, 0, 0);
INSERT INTO result VALUES (9, 218, 55, 12532, 0, 0);
INSERT INTO result VALUES (9, 87, 56, 12532, 0, 0);
INSERT INTO result VALUES (9, 35, 57, 12532, 0, 0);
INSERT INTO result VALUES (9, 225, 58, 12532, 0, 0);
INSERT INTO result VALUES (9, 74, 59, 12532, 0, 0);
INSERT INTO result VALUES (9, 204, 60, 12532, 0, 0);
INSERT INTO result VALUES (9, 207, 61, 12532, 0, 0);
INSERT INTO result VALUES (9, 195, 62, 12532, 0, 0);
INSERT INTO result VALUES (9, 98, 63, 12532, 0, 0);
INSERT INTO result VALUES (9, 17, 64, 12549, 0, 0);
INSERT INTO result VALUES (9, 93, 65, 12549, 0, 0);
INSERT INTO result VALUES (9, 14, 66, 12549, 0, 0);
INSERT INTO result VALUES (9, 214, 67, 12549, 0, 0);
INSERT INTO result VALUES (9, 106, 68, 12549, 0, 0);
INSERT INTO result VALUES (9, 32, 69, 12549, 0, 0);
INSERT INTO result VALUES (9, 162, 70, 12549, 0, 0);
INSERT INTO result VALUES (9, 125, 71, 12549, 0, 0);
INSERT INTO result VALUES (9, 45, 72, 12549, 0, 0);
INSERT INTO result VALUES (9, 56, 73, 12549, 0, 0);
INSERT INTO result VALUES (9, 94, 74, 12549, 0, 0);
INSERT INTO result VALUES (9, 13, 75, 12549, 0, 0);
INSERT INTO result VALUES (9, 78, 76, 12549, 0, 0);
INSERT INTO result VALUES (9, 216, 77, 12549, 0, 0);
INSERT INTO result VALUES (9, 212, 78, 12549, 0, 0);
INSERT INTO result VALUES (9, 3, 79, 12549, 0, 0);
INSERT INTO result VALUES (9, 33, 80, 12549, 0, 0);
INSERT INTO result VALUES (9, 127, 81, 12549, 0, 0);
INSERT INTO result VALUES (9, 88, 82, 12549, 0, 0);
INSERT INTO result VALUES (9, 102, 83, 12549, 0, 0);
INSERT INTO result VALUES (9, 16, 84, 12549, 0, 0);
INSERT INTO result VALUES (9, 164, 85, 12549, 0, 0);
INSERT INTO result VALUES (9, 62, 86, 12549, 0, 0);
INSERT INTO result VALUES (9, 53, 87, 12549, 0, 0);
INSERT INTO result VALUES (9, 58, 88, 12573, 0, 0);
INSERT INTO result VALUES (9, 44, 89, 12581, 0, 0);
INSERT INTO result VALUES (9, 138, 90, 12581, 0, 0);
INSERT INTO result VALUES (9, 183, 91, 12586, 0, 0);
INSERT INTO result VALUES (9, 57, 92, 12596, 0, 0);
INSERT INTO result VALUES (9, 168, 93, 12599, 0, 0);
INSERT INTO result VALUES (9, 43, 94, 12604, 0, 0);
INSERT INTO result VALUES (9, 116, 95, 12604, 0, 0);
INSERT INTO result VALUES (9, 227, 96, 12604, 0, 0);
INSERT INTO result VALUES (9, 104, 97, 12604, 0, 0);
INSERT INTO result VALUES (9, 23, 98, 12604, 0, 0);
INSERT INTO result VALUES (9, 166, 99, 12604, 0, 0);
INSERT INTO result VALUES (9, 144, 100, 12604, 0, 0);
INSERT INTO result VALUES (9, 37, 101, 12614, 0, 0);
INSERT INTO result VALUES (9, 96, 102, 12614, 0, 0);
INSERT INTO result VALUES (9, 28, 103, 12636, 0, 0);
INSERT INTO result VALUES (9, 132, 104, 12636, 0, 0);
INSERT INTO result VALUES (9, 223, 105, 12644, 0, 0);
INSERT INTO result VALUES (9, 61, 106, 12644, 0, 0);
INSERT INTO result VALUES (9, 67, 107, 12644, 0, 0);
INSERT INTO result VALUES (9, 36, 108, 12644, 0, 0);
INSERT INTO result VALUES (9, 34, 109, 12644, 0, 0);
INSERT INTO result VALUES (9, 108, 110, 12658, 0, 0);
INSERT INTO result VALUES (9, 84, 111, 12672, 0, 0);
INSERT INTO result VALUES (9, 6, 112, 12672, 0, 0);
INSERT INTO result VALUES (9, 75, 113, 12672, 0, 0);
INSERT INTO result VALUES (9, 92, 114, 12672, 0, 0);
INSERT INTO result VALUES (9, 12, 115, 12695, 0, 0);
INSERT INTO result VALUES (9, 82, 116, 12695, 0, 0);
INSERT INTO result VALUES (9, 105, 117, 12715, 0, 0);
INSERT INTO result VALUES (9, 215, 118, 12780, 0, 0);
INSERT INTO result VALUES (9, 194, 119, 12809, 0, 0);
INSERT INTO result VALUES (9, 25, 120, 12871, 0, 0);
INSERT INTO result VALUES (9, 26, 121, 12950, 0, 0);
INSERT INTO result VALUES (9, 4, 122, 12950, 0, 0);
INSERT INTO result VALUES (9, 46, 123, 12950, 0, 0);
INSERT INTO result VALUES (9, 172, 124, 12950, 0, 0);
INSERT INTO result VALUES (9, 226, 125, 12950, 0, 0);
INSERT INTO result VALUES (9, 228, 126, 12950, 0, 0);
INSERT INTO result VALUES (9, 152, 127, 12950, 0, 0);
INSERT INTO result VALUES (9, 117, 128, 12950, 0, 0);
INSERT INTO result VALUES (9, 201, 129, 12950, 0, 0);
INSERT INTO result VALUES (9, 113, 130, 12950, 0, 0);
INSERT INTO result VALUES (9, 115, 131, 12950, 0, 0);
INSERT INTO result VALUES (9, 111, 132, 12950, 0, 0);
INSERT INTO result VALUES (9, 143, 133, 12950, 0, 0);
INSERT INTO result VALUES (9, 147, 134, 12950, 0, 0);
INSERT INTO result VALUES (9, 181, 135, 12950, 0, 0);
INSERT INTO result VALUES (9, 196, 136, 12950, 0, 0);
INSERT INTO result VALUES (9, 197, 137, 12950, 0, 0);
INSERT INTO result VALUES (9, 47, 138, 12950, 0, 0);
INSERT INTO result VALUES (9, 121, 139, 12950, 0, 0);
INSERT INTO result VALUES (9, 123, 140, 12950, 0, 0);
INSERT INTO result VALUES (9, 128, 141, 12950, 0, 0);
INSERT INTO result VALUES (9, 126, 142, 12950, 0, 0);
INSERT INTO result VALUES (9, 148, 143, 12950, 0, 0);
INSERT INTO result VALUES (9, 137, 144, 12950, 0, 0);
INSERT INTO result VALUES (9, 95, 145, 12950, 0, 0);
INSERT INTO result VALUES (9, 18, 146, 12950, 0, 0);
INSERT INTO result VALUES (9, 8, 147, 12950, 0, 0);
INSERT INTO result VALUES (9, 203, 148, 12950, 0, 0);
INSERT INTO result VALUES (9, 114, 149, 12950, 0, 0);
INSERT INTO result VALUES (9, 55, 150, 12950, 0, 0);
INSERT INTO result VALUES (9, 133, 151, 12950, 0, 0);
INSERT INTO result VALUES (9, 48, 152, 12950, 0, 0);
INSERT INTO result VALUES (9, 86, 153, 12950, 0, 0);
INSERT INTO result VALUES (9, 142, 154, 12950, 0, 0);
INSERT INTO result VALUES (9, 146, 155, 12950, 0, 0);
INSERT INTO result VALUES (9, 63, 156, 12950, 0, 0);
INSERT INTO result VALUES (9, 222, 157, 12950, 0, 0);
INSERT INTO result VALUES (9, 38, 158, 12950, 0, 0);
INSERT INTO result VALUES (9, 76, 159, 12950, 0, 0);
INSERT INTO result VALUES (9, 135, 160, 12950, 0, 0);
INSERT INTO result VALUES (9, 42, 161, 12950, 0, 0);
INSERT INTO result VALUES (9, 174, 162, 12950, 0, 0);
INSERT INTO result VALUES (9, 178, 163, 12950, 0, 0);
INSERT INTO result VALUES (9, 206, 164, 12950, 0, 0);
INSERT INTO result VALUES (9, 5, 165, 12950, 0, 0);
INSERT INTO result VALUES (9, 171, 166, 12950, 0, 0);
INSERT INTO result VALUES (9, 176, 167, 12950, 0, 0);
INSERT INTO result VALUES (9, 51, 168, 12950, 0, 0);
INSERT INTO result VALUES (9, 188, 169, 12950, 0, 0);
INSERT INTO result VALUES (9, 182, 170, 12950, 0, 0);
INSERT INTO result VALUES (9, 107, 171, 12950, 0, 0);
INSERT INTO result VALUES (9, 83, 172, 12950, 0, 0);
INSERT INTO result VALUES (9, 217, 173, 12950, 0, 0);
INSERT INTO result VALUES (9, 167, 174, 12950, 0, 0);
INSERT INTO result VALUES (9, 7, 175, 12950, 0, 0);
INSERT INTO result VALUES (10, 18, 1, 15605, 10, 0);
INSERT INTO result VALUES (10, 62, 2, 15614, 6, 0);
INSERT INTO result VALUES (10, 31, 3, 15636, 4, 0);
INSERT INTO result VALUES (10, 121, 4, 15654, 0, 0);
INSERT INTO result VALUES (10, 117, 5, 15688, 0, 0);
INSERT INTO result VALUES (10, 203, 6, 15842, 0, 0);
INSERT INTO result VALUES (10, 226, 7, 15883, 0, 0);
INSERT INTO result VALUES (10, 55, 8, 15896, 0, 0);
INSERT INTO result VALUES (10, 1, 9, 15896, 0, 0);
INSERT INTO result VALUES (10, 11, 10, 15896, 0, 0);
INSERT INTO result VALUES (10, 72, 11, 15899, 0, 0);
INSERT INTO result VALUES (10, 15, 12, 15899, 0, 0);
INSERT INTO result VALUES (10, 21, 13, 15902, 0, 0);
INSERT INTO result VALUES (10, 191, 14, 15902, 0, 0);
INSERT INTO result VALUES (10, 221, 15, 15902, 0, 0);
INSERT INTO result VALUES (10, 71, 16, 15902, 0, 0);
INSERT INTO result VALUES (10, 151, 17, 15916, 0, 0);
INSERT INTO result VALUES (10, 66, 18, 15920, 0, 0);
INSERT INTO result VALUES (10, 186, 19, 15920, 0, 0);
INSERT INTO result VALUES (10, 176, 20, 15936, 0, 0);
INSERT INTO result VALUES (10, 131, 21, 15942, 0, 0);
INSERT INTO result VALUES (10, 141, 22, 15948, 0, 0);
INSERT INTO result VALUES (10, 16, 23, 15963, 0, 0);
INSERT INTO result VALUES (10, 8, 24, 15988, 0, 0);
INSERT INTO result VALUES (10, 91, 25, 16018, 0, 0);
INSERT INTO result VALUES (10, 153, 26, 16024, 0, 0);
INSERT INTO result VALUES (10, 143, 27, 16043, 0, 0);
INSERT INTO result VALUES (10, 3, 28, 16048, 0, 0);
INSERT INTO result VALUES (10, 84, 29, 16066, 0, 0);
INSERT INTO result VALUES (10, 85, 30, 16066, 0, 0);
INSERT INTO result VALUES (10, 146, 31, 16066, 0, 0);
INSERT INTO result VALUES (10, 108, 32, 16066, 0, 0);
INSERT INTO result VALUES (10, 94, 33, 16113, 0, 0);
INSERT INTO result VALUES (10, 157, 34, 16155, 0, 0);
INSERT INTO result VALUES (10, 34, 35, 16172, 0, 0);
INSERT INTO result VALUES (10, 137, 36, 16191, 0, 0);
INSERT INTO result VALUES (10, 133, 37, 16191, 0, 0);
INSERT INTO result VALUES (10, 14, 38, 16222, 0, 0);
INSERT INTO result VALUES (10, 95, 39, 16229, 0, 0);
INSERT INTO result VALUES (10, 171, 40, 16284, 0, 0);
INSERT INTO result VALUES (10, 104, 41, 16293, 0, 0);
INSERT INTO result VALUES (10, 182, 42, 16293, 0, 0);
INSERT INTO result VALUES (10, 161, 43, 16293, 0, 0);
INSERT INTO result VALUES (10, 25, 44, 16317, 0, 0);
INSERT INTO result VALUES (10, 13, 45, 16345, 0, 0);
INSERT INTO result VALUES (10, 37, 46, 16392, 0, 0);
INSERT INTO result VALUES (10, 23, 47, 16393, 0, 0);
INSERT INTO result VALUES (10, 148, 48, 16393, 0, 0);
INSERT INTO result VALUES (10, 78, 49, 16393, 0, 0);
INSERT INTO result VALUES (10, 96, 50, 16424, 0, 0);
INSERT INTO result VALUES (10, 6, 51, 16579, 0, 0);
INSERT INTO result VALUES (10, 36, 52, 16585, 0, 0);
INSERT INTO result VALUES (10, 184, 53, 16603, 0, 0);
INSERT INTO result VALUES (10, 216, 54, 16603, 0, 0);
INSERT INTO result VALUES (10, 116, 55, 16642, 0, 0);
INSERT INTO result VALUES (10, 63, 56, 16642, 0, 0);
INSERT INTO result VALUES (10, 225, 57, 16642, 0, 0);
INSERT INTO result VALUES (10, 136, 58, 16642, 0, 0);
INSERT INTO result VALUES (10, 218, 59, 16642, 0, 0);
INSERT INTO result VALUES (10, 26, 60, 16642, 0, 0);
INSERT INTO result VALUES (10, 61, 61, 16642, 0, 0);
INSERT INTO result VALUES (10, 183, 62, 16642, 0, 0);
INSERT INTO result VALUES (10, 181, 63, 16642, 0, 0);
INSERT INTO result VALUES (10, 128, 64, 16642, 0, 0);
INSERT INTO result VALUES (10, 144, 65, 16642, 0, 0);
INSERT INTO result VALUES (10, 207, 66, 16642, 0, 0);
INSERT INTO result VALUES (10, 28, 67, 16642, 0, 0);
INSERT INTO result VALUES (10, 113, 68, 16642, 0, 0);
INSERT INTO result VALUES (10, 111, 69, 16642, 0, 0);
INSERT INTO result VALUES (10, 201, 70, 16642, 0, 0);
INSERT INTO result VALUES (10, 192, 71, 16642, 0, 0);
INSERT INTO result VALUES (10, 178, 72, 16642, 0, 0);
INSERT INTO result VALUES (10, 142, 73, 16642, 0, 0);
INSERT INTO result VALUES (10, 138, 74, 16642, 0, 0);
INSERT INTO result VALUES (10, 114, 75, 16699, 0, 0);
INSERT INTO result VALUES (10, 198, 76, 16735, 0, 0);
INSERT INTO result VALUES (10, 158, 77, 16870, 0, 0);
INSERT INTO result VALUES (10, 166, 78, 16902, 0, 0);
INSERT INTO result VALUES (10, 135, 79, 16976, 0, 0);
INSERT INTO result VALUES (10, 222, 80, 17163, 0, 0);
INSERT INTO result VALUES (10, 7, 81, 17163, 0, 0);
INSERT INTO result VALUES (10, 17, 82, 17163, 0, 0);
INSERT INTO result VALUES (10, 98, 83, 17163, 0, 0);
INSERT INTO result VALUES (10, 33, 84, 17163, 0, 0);
INSERT INTO result VALUES (10, 65, 85, 17163, 0, 0);
INSERT INTO result VALUES (10, 35, 86, 17163, 0, 0);
INSERT INTO result VALUES (10, 87, 87, 17163, 0, 0);
INSERT INTO result VALUES (10, 74, 88, 17163, 0, 0);
INSERT INTO result VALUES (10, 212, 89, 17163, 0, 0);
INSERT INTO result VALUES (10, 174, 90, 17163, 0, 0);
INSERT INTO result VALUES (10, 177, 91, 17163, 0, 0);
INSERT INTO result VALUES (10, 227, 92, 17193, 0, 0);
INSERT INTO result VALUES (10, 4, 93, 17208, 0, 0);
INSERT INTO result VALUES (10, 147, 94, 17226, 0, 0);
INSERT INTO result VALUES (10, 162, 95, 17226, 0, 0);
INSERT INTO result VALUES (10, 86, 96, 17286, 0, 0);
INSERT INTO result VALUES (10, 205, 97, 17286, 0, 0);
INSERT INTO result VALUES (10, 152, 98, 17293, 0, 0);
INSERT INTO result VALUES (10, 187, 99, 17329, 0, 0);
INSERT INTO result VALUES (10, 106, 100, 17477, 0, 0);
INSERT INTO result VALUES (10, 105, 101, 17477, 0, 0);
INSERT INTO result VALUES (10, 206, 102, 17477, 0, 0);
INSERT INTO result VALUES (10, 217, 103, 17571, 0, 0);
INSERT INTO result VALUES (10, 45, 104, 17571, 0, 0);
INSERT INTO result VALUES (10, 126, 105, 17571, 0, 0);
INSERT INTO result VALUES (10, 67, 106, 17571, 0, 0);
INSERT INTO result VALUES (10, 107, 107, 17571, 0, 0);
INSERT INTO result VALUES (10, 118, 108, 17571, 0, 0);
INSERT INTO result VALUES (10, 168, 109, 17599, 0, 0);
INSERT INTO result VALUES (10, 97, 110, 17626, 0, 0);
INSERT INTO result VALUES (10, 75, 111, 17626, 0, 0);
INSERT INTO result VALUES (10, 93, 112, 17626, 0, 0);
INSERT INTO result VALUES (10, 46, 113, 17626, 0, 0);
INSERT INTO result VALUES (10, 145, 114, 17626, 0, 0);
INSERT INTO result VALUES (10, 223, 115, 17684, 0, 0);
INSERT INTO result VALUES (10, 44, 116, 17691, 0, 0);
INSERT INTO result VALUES (10, 208, 117, 17761, 0, 0);
INSERT INTO result VALUES (10, 68, 118, 17761, 0, 0);
INSERT INTO result VALUES (10, 204, 119, 17761, 0, 0);
INSERT INTO result VALUES (10, 5, 120, 17761, 0, 0);
INSERT INTO result VALUES (10, 155, 121, 17761, 0, 0);
INSERT INTO result VALUES (10, 127, 122, 17761, 0, 0);
INSERT INTO result VALUES (10, 12, 123, 17761, 0, 0);
INSERT INTO result VALUES (10, 77, 124, 17761, 0, 0);
INSERT INTO result VALUES (10, 123, 125, 17761, 0, 0);
INSERT INTO result VALUES (10, 202, 126, 17761, 0, 0);
INSERT INTO result VALUES (10, 57, 127, 17761, 0, 0);
INSERT INTO result VALUES (10, 196, 128, 17761, 0, 0);
INSERT INTO result VALUES (10, 193, 129, 17761, 0, 0);
INSERT INTO result VALUES (10, 194, 130, 17761, 0, 0);
INSERT INTO result VALUES (10, 156, 131, 17761, 0, 0);
INSERT INTO result VALUES (10, 115, 132, 17761, 0, 0);
INSERT INTO result VALUES (10, 102, 133, 17761, 0, 0);
INSERT INTO result VALUES (10, 195, 134, 17761, 0, 0);
INSERT INTO result VALUES (10, 164, 135, 17761, 0, 0);
INSERT INTO result VALUES (10, 43, 136, 17761, 0, 0);
INSERT INTO result VALUES (10, 175, 137, 17761, 0, 0);
INSERT INTO result VALUES (10, 224, 138, 17761, 0, 0);
INSERT INTO result VALUES (10, 47, 139, 17761, 0, 0);
INSERT INTO result VALUES (10, 51, 140, 17761, 0, 0);
INSERT INTO result VALUES (10, 52, 141, 17761, 0, 0);
INSERT INTO result VALUES (10, 58, 142, 17761, 0, 0);
INSERT INTO result VALUES (10, 103, 143, 17786, 0, 0);
INSERT INTO result VALUES (10, 197, 144, 17817, 0, 0);
INSERT INTO result VALUES (10, 76, 145, 17817, 0, 0);
INSERT INTO result VALUES (10, 32, 146, 17817, 0, 0);
INSERT INTO result VALUES (10, 82, 147, 17817, 0, 0);
INSERT INTO result VALUES (10, 132, 148, 17817, 0, 0);
INSERT INTO result VALUES (10, 41, 149, 17817, 0, 0);
INSERT INTO result VALUES (10, 81, 150, 17817, 0, 0);
INSERT INTO result VALUES (10, 134, 151, 17817, 0, 0);
INSERT INTO result VALUES (10, 188, 152, 17817, 0, 0);
INSERT INTO result VALUES (10, 53, 153, 17817, 0, 0);
INSERT INTO result VALUES (10, 92, 154, 17817, 0, 0);
INSERT INTO result VALUES (10, 27, 155, 17817, 0, 0);
INSERT INTO result VALUES (10, 124, 156, 17817, 0, 0);
INSERT INTO result VALUES (10, 88, 157, 17817, 0, 0);
INSERT INTO result VALUES (10, 83, 158, 17817, 0, 0);
INSERT INTO result VALUES (10, 42, 159, 17817, 0, 0);
INSERT INTO result VALUES (10, 112, 160, 17817, 0, 0);
INSERT INTO result VALUES (10, 24, 161, 17817, 0, 0);
INSERT INTO result VALUES (10, 165, 162, 17817, 0, 0);
INSERT INTO result VALUES (10, 215, 163, 17838, 0, 0);
INSERT INTO result VALUES (10, 172, 164, 17838, 0, 0);
INSERT INTO result VALUES (10, 214, 165, 17838, 0, 0);
INSERT INTO result VALUES (10, 56, 166, 17838, 0, 0);
INSERT INTO result VALUES (10, 211, 167, 17838, 0, 0);
INSERT INTO result VALUES (10, 173, 168, 17838, 0, 0);
INSERT INTO result VALUES (10, 167, 169, 17866, 0, 0);
INSERT INTO result VALUES (10, 163, 170, 17866, 0, 0);
INSERT INTO result VALUES (10, 125, 171, 17872, 0, 0);
INSERT INTO result VALUES (10, 73, 172, 17872, 0, 0);
INSERT INTO result VALUES (11, 222, 1, 11756, 10, 0);
INSERT INTO result VALUES (11, 128, 2, 11756, 6, 0);
INSERT INTO result VALUES (11, 106, 3, 11763, 4, 0);
INSERT INTO result VALUES (11, 211, 4, 11809, 0, 0);
INSERT INTO result VALUES (11, 17, 5, 11809, 0, 0);
INSERT INTO result VALUES (11, 65, 6, 11809, 0, 0);
INSERT INTO result VALUES (11, 58, 7, 11809, 0, 0);
INSERT INTO result VALUES (11, 182, 8, 11809, 0, 0);
INSERT INTO result VALUES (11, 84, 9, 11809, 0, 0);
INSERT INTO result VALUES (11, 172, 10, 11827, 0, 0);
INSERT INTO result VALUES (11, 103, 11, 11964, 0, 0);
INSERT INTO result VALUES (11, 112, 12, 11964, 0, 0);
INSERT INTO result VALUES (11, 186, 13, 11964, 0, 0);
INSERT INTO result VALUES (11, 94, 14, 11964, 0, 0);
INSERT INTO result VALUES (11, 178, 15, 11964, 0, 0);
INSERT INTO result VALUES (11, 96, 16, 11964, 0, 0);
INSERT INTO result VALUES (11, 42, 17, 11964, 0, 0);
INSERT INTO result VALUES (11, 174, 18, 11964, 0, 0);
INSERT INTO result VALUES (11, 162, 19, 11964, 0, 0);
INSERT INTO result VALUES (11, 3, 20, 11964, 0, 0);
INSERT INTO result VALUES (11, 131, 21, 11964, 0, 0);
INSERT INTO result VALUES (11, 104, 22, 11964, 0, 0);
INSERT INTO result VALUES (11, 176, 23, 11964, 0, 0);
INSERT INTO result VALUES (11, 31, 24, 11964, 0, 0);
INSERT INTO result VALUES (11, 95, 25, 11964, 0, 0);
INSERT INTO result VALUES (11, 113, 26, 11964, 0, 0);
INSERT INTO result VALUES (11, 198, 27, 11964, 0, 0);
INSERT INTO result VALUES (11, 21, 28, 11964, 0, 0);
INSERT INTO result VALUES (11, 111, 29, 11964, 0, 0);
INSERT INTO result VALUES (11, 137, 30, 11964, 0, 0);
INSERT INTO result VALUES (11, 161, 31, 11964, 0, 0);
INSERT INTO result VALUES (11, 151, 32, 11964, 0, 0);
INSERT INTO result VALUES (11, 15, 33, 11964, 0, 0);
INSERT INTO result VALUES (11, 91, 34, 11964, 0, 0);
INSERT INTO result VALUES (11, 1, 35, 11964, 0, 0);
INSERT INTO result VALUES (11, 11, 36, 11964, 0, 0);
INSERT INTO result VALUES (11, 221, 37, 11964, 0, 0);
INSERT INTO result VALUES (11, 66, 38, 11964, 0, 0);
INSERT INTO result VALUES (11, 72, 39, 11964, 0, 0);
INSERT INTO result VALUES (11, 71, 40, 11964, 0, 0);
INSERT INTO result VALUES (11, 191, 41, 11964, 0, 0);
INSERT INTO result VALUES (11, 8, 42, 11964, 0, 0);
INSERT INTO result VALUES (11, 121, 43, 11964, 0, 0);
INSERT INTO result VALUES (11, 141, 44, 11964, 0, 0);
INSERT INTO result VALUES (11, 16, 45, 11964, 0, 0);
INSERT INTO result VALUES (11, 28, 46, 11964, 0, 0);
INSERT INTO result VALUES (11, 18, 47, 11964, 0, 0);
INSERT INTO result VALUES (11, 34, 48, 11964, 0, 0);
INSERT INTO result VALUES (11, 157, 49, 11989, 0, 0);
INSERT INTO result VALUES (11, 203, 50, 11989, 0, 0);
INSERT INTO result VALUES (11, 62, 51, 11989, 0, 0);
INSERT INTO result VALUES (11, 138, 52, 11989, 0, 0);
INSERT INTO result VALUES (11, 4, 53, 11989, 0, 0);
INSERT INTO result VALUES (11, 26, 54, 11989, 0, 0);
INSERT INTO result VALUES (11, 163, 55, 11989, 0, 0);
INSERT INTO result VALUES (11, 177, 56, 11989, 0, 0);
INSERT INTO result VALUES (11, 225, 57, 12086, 0, 0);
INSERT INTO result VALUES (11, 227, 58, 12086, 0, 0);
INSERT INTO result VALUES (11, 116, 59, 12086, 0, 0);
INSERT INTO result VALUES (11, 93, 60, 12086, 0, 0);
INSERT INTO result VALUES (11, 5, 61, 12088, 0, 0);
INSERT INTO result VALUES (11, 166, 62, 12088, 0, 0);
INSERT INTO result VALUES (11, 25, 63, 12088, 0, 0);
INSERT INTO result VALUES (11, 156, 64, 12088, 0, 0);
INSERT INTO result VALUES (11, 41, 65, 12088, 0, 0);
INSERT INTO result VALUES (11, 155, 66, 12088, 0, 0);
INSERT INTO result VALUES (11, 153, 67, 12088, 0, 0);
INSERT INTO result VALUES (11, 168, 68, 12088, 0, 0);
INSERT INTO result VALUES (11, 184, 69, 12088, 0, 0);
INSERT INTO result VALUES (11, 14, 70, 12088, 0, 0);
INSERT INTO result VALUES (11, 87, 71, 12088, 0, 0);
INSERT INTO result VALUES (11, 181, 72, 12088, 0, 0);
INSERT INTO result VALUES (11, 164, 73, 12088, 0, 0);
INSERT INTO result VALUES (11, 206, 74, 12088, 0, 0);
INSERT INTO result VALUES (11, 75, 75, 12088, 0, 0);
INSERT INTO result VALUES (11, 142, 76, 12088, 0, 0);
INSERT INTO result VALUES (11, 74, 77, 12088, 0, 0);
INSERT INTO result VALUES (11, 146, 78, 12088, 0, 0);
INSERT INTO result VALUES (11, 152, 79, 12166, 0, 0);
INSERT INTO result VALUES (11, 32, 80, 12166, 0, 0);
INSERT INTO result VALUES (11, 35, 81, 12166, 0, 0);
INSERT INTO result VALUES (11, 23, 82, 12307, 0, 0);
INSERT INTO result VALUES (11, 76, 83, 12307, 0, 0);
INSERT INTO result VALUES (11, 196, 84, 12307, 0, 0);
INSERT INTO result VALUES (11, 78, 85, 12307, 0, 0);
INSERT INTO result VALUES (11, 202, 86, 12307, 0, 0);
INSERT INTO result VALUES (11, 192, 87, 12307, 0, 0);
INSERT INTO result VALUES (11, 37, 88, 12307, 0, 0);
INSERT INTO result VALUES (11, 33, 89, 12307, 0, 0);
INSERT INTO result VALUES (11, 136, 90, 12307, 0, 0);
INSERT INTO result VALUES (11, 61, 91, 12307, 0, 0);
INSERT INTO result VALUES (11, 201, 92, 12307, 0, 0);
INSERT INTO result VALUES (11, 86, 93, 12307, 0, 0);
INSERT INTO result VALUES (11, 85, 94, 12307, 0, 0);
INSERT INTO result VALUES (11, 13, 95, 12307, 0, 0);
INSERT INTO result VALUES (11, 12, 96, 12307, 0, 0);
INSERT INTO result VALUES (11, 36, 97, 12307, 0, 0);
INSERT INTO result VALUES (11, 77, 98, 12307, 0, 0);
INSERT INTO result VALUES (11, 127, 99, 12307, 0, 0);
INSERT INTO result VALUES (11, 183, 100, 12307, 0, 0);
INSERT INTO result VALUES (11, 68, 101, 12307, 0, 0);
INSERT INTO result VALUES (11, 124, 102, 12307, 0, 0);
INSERT INTO result VALUES (11, 123, 103, 12307, 0, 0);
INSERT INTO result VALUES (11, 105, 104, 12307, 0, 0);
INSERT INTO result VALUES (11, 114, 105, 12307, 0, 0);
INSERT INTO result VALUES (11, 173, 106, 12307, 0, 0);
INSERT INTO result VALUES (11, 212, 107, 12307, 0, 0);
INSERT INTO result VALUES (11, 218, 108, 12307, 0, 0);
INSERT INTO result VALUES (11, 144, 109, 12307, 0, 0);
INSERT INTO result VALUES (11, 6, 110, 12307, 0, 0);
INSERT INTO result VALUES (11, 135, 111, 12366, 0, 0);
INSERT INTO result VALUES (11, 208, 112, 12390, 0, 0);
INSERT INTO result VALUES (11, 118, 113, 12390, 0, 0);
INSERT INTO result VALUES (11, 98, 114, 12390, 0, 0);
INSERT INTO result VALUES (11, 223, 115, 12390, 0, 0);
INSERT INTO result VALUES (11, 7, 116, 12390, 0, 0);
INSERT INTO result VALUES (11, 92, 117, 12424, 0, 0);
INSERT INTO result VALUES (11, 226, 118, 12513, 0, 0);
INSERT INTO result VALUES (11, 108, 119, 12513, 0, 0);
INSERT INTO result VALUES (11, 195, 120, 12513, 0, 0);
INSERT INTO result VALUES (11, 158, 121, 12520, 0, 0);
INSERT INTO result VALUES (11, 205, 122, 12520, 0, 0);
INSERT INTO result VALUES (11, 216, 123, 12520, 0, 0);
INSERT INTO result VALUES (11, 215, 124, 12530, 0, 0);
INSERT INTO result VALUES (11, 63, 125, 12595, 0, 0);
INSERT INTO result VALUES (11, 194, 126, 12638, 0, 0);
INSERT INTO result VALUES (11, 207, 127, 12638, 0, 0);
INSERT INTO result VALUES (11, 102, 128, 12667, 0, 0);
INSERT INTO result VALUES (11, 132, 129, 12667, 0, 0);
INSERT INTO result VALUES (11, 134, 130, 12667, 0, 0);
INSERT INTO result VALUES (11, 46, 131, 12667, 0, 0);
INSERT INTO result VALUES (11, 81, 132, 12667, 0, 0);
INSERT INTO result VALUES (11, 145, 133, 12667, 0, 0);
INSERT INTO result VALUES (11, 83, 134, 12667, 0, 0);
INSERT INTO result VALUES (11, 82, 135, 12667, 0, 0);
INSERT INTO result VALUES (11, 165, 136, 12667, 0, 0);
INSERT INTO result VALUES (11, 133, 137, 12667, 0, 0);
INSERT INTO result VALUES (11, 51, 138, 12667, 0, 0);
INSERT INTO result VALUES (11, 125, 139, 12667, 0, 0);
INSERT INTO result VALUES (11, 214, 140, 12667, 0, 0);
INSERT INTO result VALUES (11, 57, 141, 12667, 0, 0);
INSERT INTO result VALUES (11, 143, 142, 12667, 0, 0);
INSERT INTO result VALUES (11, 53, 143, 12667, 0, 0);
INSERT INTO result VALUES (11, 217, 144, 12667, 0, 0);
INSERT INTO result VALUES (11, 115, 145, 12667, 0, 0);
INSERT INTO result VALUES (11, 27, 146, 12667, 0, 0);
INSERT INTO result VALUES (11, 24, 147, 12667, 0, 0);
INSERT INTO result VALUES (11, 197, 148, 12667, 0, 0);
INSERT INTO result VALUES (11, 147, 149, 12667, 0, 0);
INSERT INTO result VALUES (11, 148, 150, 12667, 0, 0);
INSERT INTO result VALUES (11, 44, 151, 12667, 0, 0);
INSERT INTO result VALUES (11, 193, 152, 12667, 0, 0);
INSERT INTO result VALUES (11, 45, 153, 12667, 0, 0);
INSERT INTO result VALUES (11, 187, 154, 12667, 0, 0);
INSERT INTO result VALUES (11, 56, 155, 12667, 0, 0);
INSERT INTO result VALUES (11, 107, 156, 12667, 0, 0);
INSERT INTO result VALUES (11, 67, 157, 12667, 0, 0);
INSERT INTO result VALUES (11, 47, 158, 12667, 0, 0);
INSERT INTO result VALUES (11, 97, 159, 12667, 0, 0);
INSERT INTO result VALUES (11, 224, 160, 12667, 0, 0);
INSERT INTO result VALUES (11, 175, 161, 12667, 0, 0);
INSERT INTO result VALUES (11, 43, 162, 12667, 0, 0);
INSERT INTO result VALUES (11, 204, 163, 12667, 0, 0);
INSERT INTO result VALUES (11, 126, 164, 12667, 0, 0);
INSERT INTO result VALUES (11, 117, 165, 12667, 0, 0);
INSERT INTO result VALUES (11, 167, 166, 12667, 0, 0);
INSERT INTO result VALUES (11, 188, 167, 12667, 0, 0);
INSERT INTO result VALUES (11, 55, 168, 12667, 0, 0);
INSERT INTO result VALUES (11, 171, 169, 12667, 0, 0);
INSERT INTO result VALUES (11, 88, 170, 12667, 0, 0);
INSERT INTO result VALUES (11, 52, 171, 12667, 0, 0);
INSERT INTO result VALUES (11, 73, 172, 12667, 0, 0);
INSERT INTO result VALUES (12, 1, 1, 15679, 10, 0);
INSERT INTO result VALUES (12, 11, 2, 15809, 6, 0);
INSERT INTO result VALUES (12, 72, 3, 15822, 4, 0);
INSERT INTO result VALUES (12, 221, 4, 15859, 0, 0);
INSERT INTO result VALUES (12, 191, 5, 15859, 0, 0);
INSERT INTO result VALUES (12, 131, 6, 15892, 0, 0);
INSERT INTO result VALUES (12, 21, 7, 15894, 0, 0);
INSERT INTO result VALUES (12, 151, 8, 15921, 0, 0);
INSERT INTO result VALUES (12, 71, 9, 15927, 0, 0);
INSERT INTO result VALUES (12, 137, 10, 16125, 0, 0);
INSERT INTO result VALUES (12, 148, 11, 16126, 0, 0);
INSERT INTO result VALUES (12, 135, 12, 16132, 0, 0);
INSERT INTO result VALUES (12, 91, 13, 16224, 0, 0);
INSERT INTO result VALUES (12, 176, 14, 16257, 0, 0);
INSERT INTO result VALUES (12, 15, 15, 16304, 0, 0);
INSERT INTO result VALUES (12, 121, 16, 16322, 0, 0);
INSERT INTO result VALUES (12, 152, 17, 16325, 0, 0);
INSERT INTO result VALUES (12, 3, 18, 16329, 0, 0);
INSERT INTO result VALUES (12, 186, 19, 16386, 0, 10);
INSERT INTO result VALUES (12, 156, 20, 16386, 0, 0);
INSERT INTO result VALUES (12, 181, 21, 16392, 0, 0);
INSERT INTO result VALUES (12, 66, 22, 16430, 0, 0);
INSERT INTO result VALUES (12, 8, 23, 16469, 0, 0);
INSERT INTO result VALUES (12, 16, 24, 16489, 0, 0);
INSERT INTO result VALUES (12, 31, 25, 16497, 0, 0);
INSERT INTO result VALUES (12, 178, 26, 16497, 0, 0);
INSERT INTO result VALUES (12, 133, 27, 16527, 0, 0);
INSERT INTO result VALUES (12, 18, 28, 16586, 0, 0);
INSERT INTO result VALUES (12, 85, 29, 16602, 0, 0);
INSERT INTO result VALUES (12, 192, 30, 16632, 0, 0);
INSERT INTO result VALUES (12, 146, 31, 16639, 0, 0);
INSERT INTO result VALUES (12, 161, 32, 16639, 0, 0);
INSERT INTO result VALUES (12, 141, 33, 16639, 0, 0);
INSERT INTO result VALUES (12, 78, 34, 16639, 0, 0);
INSERT INTO result VALUES (12, 51, 35, 16639, 0, 0);
INSERT INTO result VALUES (12, 171, 36, 16639, 0, 0);
INSERT INTO result VALUES (12, 117, 37, 16639, 0, 0);
INSERT INTO result VALUES (12, 95, 38, 16708, 0, 0);
INSERT INTO result VALUES (12, 62, 39, 16776, 0, 0);
INSERT INTO result VALUES (12, 201, 40, 16776, 0, 0);
INSERT INTO result VALUES (12, 7, 41, 16894, 0, 0);
INSERT INTO result VALUES (12, 153, 42, 16894, 0, 0);
INSERT INTO result VALUES (12, 36, 43, 16921, 0, 0);
INSERT INTO result VALUES (12, 138, 44, 17335, 0, 0);
INSERT INTO result VALUES (12, 136, 45, 17335, 0, 0);
INSERT INTO result VALUES (12, 157, 46, 17362, 0, 0);
INSERT INTO result VALUES (12, 164, 47, 17407, 0, 0);
INSERT INTO result VALUES (12, 143, 48, 17407, 0, 0);
INSERT INTO result VALUES (12, 5, 49, 17432, 0, 0);
INSERT INTO result VALUES (12, 184, 50, 17432, 0, 0);
INSERT INTO result VALUES (12, 28, 51, 17432, 0, 0);
INSERT INTO result VALUES (12, 147, 52, 17432, 0, 0);
INSERT INTO result VALUES (12, 26, 53, 17432, 0, 0);
INSERT INTO result VALUES (12, 6, 54, 17432, 0, 0);
INSERT INTO result VALUES (12, 203, 55, 17432, 0, 0);
INSERT INTO result VALUES (12, 14, 56, 17486, 0, 0);
INSERT INTO result VALUES (12, 114, 57, 17493, 0, 0);
INSERT INTO result VALUES (12, 42, 58, 17554, 0, 0);
INSERT INTO result VALUES (12, 34, 59, 17561, 0, 0);
INSERT INTO result VALUES (12, 104, 60, 17561, 0, 0);
INSERT INTO result VALUES (12, 13, 61, 17561, 0, 0);
INSERT INTO result VALUES (12, 23, 62, 17561, 0, 0);
INSERT INTO result VALUES (12, 75, 63, 17561, 0, 0);
INSERT INTO result VALUES (12, 144, 64, 17561, 0, 0);
INSERT INTO result VALUES (12, 35, 65, 17561, 0, 0);
INSERT INTO result VALUES (12, 96, 66, 17561, 0, 0);
INSERT INTO result VALUES (12, 93, 67, 17561, 0, 0);
INSERT INTO result VALUES (12, 158, 68, 17561, 0, 0);
INSERT INTO result VALUES (12, 25, 69, 17561, 0, 0);
INSERT INTO result VALUES (12, 102, 70, 17561, 0, 0);
INSERT INTO result VALUES (12, 206, 71, 17561, 0, 0);
INSERT INTO result VALUES (12, 87, 72, 17561, 0, 0);
INSERT INTO result VALUES (12, 155, 73, 17561, 0, 0);
INSERT INTO result VALUES (12, 105, 74, 17561, 0, 0);
INSERT INTO result VALUES (12, 225, 75, 17561, 0, 0);
INSERT INTO result VALUES (12, 108, 76, 17561, 0, 0);
INSERT INTO result VALUES (12, 174, 77, 17561, 0, 0);
INSERT INTO result VALUES (12, 142, 78, 17561, 0, 0);
INSERT INTO result VALUES (12, 107, 79, 17561, 0, 0);
INSERT INTO result VALUES (12, 218, 80, 17561, 0, 0);
INSERT INTO result VALUES (12, 196, 81, 17582, 0, 0);
INSERT INTO result VALUES (12, 4, 82, 17582, 0, 0);
INSERT INTO result VALUES (12, 194, 83, 17652, 0, 0);
INSERT INTO result VALUES (12, 116, 84, 17658, 0, 0);
INSERT INTO result VALUES (12, 84, 85, 17662, 0, 0);
INSERT INTO result VALUES (12, 198, 86, 17673, 0, 0);
INSERT INTO result VALUES (12, 103, 87, 17677, 0, 0);
INSERT INTO result VALUES (12, 222, 88, 17683, 0, 0);
INSERT INTO result VALUES (12, 61, 89, 17689, 0, 0);
INSERT INTO result VALUES (12, 94, 90, 17699, 0, 0);
INSERT INTO result VALUES (12, 111, 91, 17720, 0, 0);
INSERT INTO result VALUES (12, 183, 92, 17720, 0, 0);
INSERT INTO result VALUES (12, 106, 93, 17720, 0, 0);
INSERT INTO result VALUES (12, 177, 94, 17752, 0, 0);
INSERT INTO result VALUES (12, 63, 95, 17776, 0, 0);
INSERT INTO result VALUES (12, 37, 96, 17776, 0, 0);
INSERT INTO result VALUES (12, 55, 97, 17824, 0, 0);
INSERT INTO result VALUES (12, 46, 98, 17866, 0, 0);
INSERT INTO result VALUES (12, 47, 99, 17866, 0, 0);
INSERT INTO result VALUES (12, 65, 100, 17899, 0, 0);
INSERT INTO result VALUES (12, 45, 101, 17899, 0, 0);
INSERT INTO result VALUES (12, 98, 102, 17907, 0, 0);
INSERT INTO result VALUES (12, 97, 103, 17907, 0, 0);
INSERT INTO result VALUES (12, 188, 104, 17909, 0, 0);
INSERT INTO result VALUES (12, 128, 105, 17909, 0, 0);
INSERT INTO result VALUES (12, 182, 106, 17909, 0, 0);
INSERT INTO result VALUES (12, 187, 107, 17914, 0, 0);
INSERT INTO result VALUES (12, 217, 108, 17920, 0, 0);
INSERT INTO result VALUES (12, 212, 109, 17960, 0, 0);
INSERT INTO result VALUES (12, 123, 110, 17960, 0, 0);
INSERT INTO result VALUES (12, 67, 111, 17960, 0, 0);
INSERT INTO result VALUES (12, 145, 112, 17987, 0, 0);
INSERT INTO result VALUES (12, 44, 113, 18001, 0, 0);
INSERT INTO result VALUES (12, 162, 114, 18022, 0, 0);
INSERT INTO result VALUES (12, 43, 115, 18022, 0, 0);
INSERT INTO result VALUES (12, 33, 116, 18038, 0, 0);
INSERT INTO result VALUES (12, 41, 117, 18042, 0, 0);
INSERT INTO result VALUES (12, 17, 118, 18044, 0, 0);
INSERT INTO result VALUES (12, 202, 119, 18044, 0, 0);
INSERT INTO result VALUES (12, 68, 120, 18044, 0, 0);
INSERT INTO result VALUES (12, 207, 121, 18044, 0, 0);
INSERT INTO result VALUES (12, 216, 122, 18049, 0, 0);
INSERT INTO result VALUES (12, 227, 123, 18056, 0, 0);
INSERT INTO result VALUES (12, 76, 124, 18071, 0, 0);
INSERT INTO result VALUES (12, 32, 125, 18071, 0, 0);
INSERT INTO result VALUES (12, 204, 126, 18075, 0, 0);
INSERT INTO result VALUES (12, 197, 127, 18086, 0, 0);
INSERT INTO result VALUES (12, 193, 128, 18086, 0, 0);
INSERT INTO result VALUES (12, 195, 129, 18086, 0, 0);
INSERT INTO result VALUES (12, 77, 130, 18086, 0, 0);
INSERT INTO result VALUES (12, 208, 131, 18086, 0, 0);
INSERT INTO result VALUES (12, 12, 132, 18086, 0, 0);
INSERT INTO result VALUES (12, 74, 133, 18086, 0, 0);
INSERT INTO result VALUES (12, 132, 134, 18086, 0, 0);
INSERT INTO result VALUES (12, 205, 135, 18086, 0, 0);
INSERT INTO result VALUES (12, 165, 136, 18086, 0, 0);
INSERT INTO result VALUES (12, 57, 137, 18086, 0, 0);
INSERT INTO result VALUES (12, 115, 138, 18086, 0, 0);
INSERT INTO result VALUES (12, 24, 139, 18086, 0, 0);
INSERT INTO result VALUES (12, 27, 140, 18086, 0, 0);
INSERT INTO result VALUES (12, 214, 141, 18086, 0, 0);
INSERT INTO result VALUES (12, 126, 142, 18086, 0, 0);
INSERT INTO result VALUES (12, 168, 143, 18086, 0, 0);
INSERT INTO result VALUES (12, 113, 144, 18086, 0, 0);
INSERT INTO result VALUES (12, 215, 145, 18094, 0, 0);
INSERT INTO result VALUES (12, 166, 146, 18096, 0, 0);
INSERT INTO result VALUES (12, 58, 147, 18110, 0, 0);
INSERT INTO result VALUES (12, 211, 148, 18134, 0, 0);
INSERT INTO result VALUES (12, 53, 149, 18143, 0, 0);
INSERT INTO result VALUES (12, 224, 150, 18188, 0, 0);
INSERT INTO result VALUES (12, 112, 151, 18188, 0, 0);
INSERT INTO result VALUES (12, 175, 152, 18188, 0, 0);
INSERT INTO result VALUES (12, 81, 153, 18188, 0, 0);
INSERT INTO result VALUES (12, 52, 154, 18188, 0, 0);
INSERT INTO result VALUES (12, 56, 155, 18188, 0, 0);
INSERT INTO result VALUES (12, 88, 156, 18188, 0, 0);
INSERT INTO result VALUES (12, 83, 157, 18188, 0, 0);
INSERT INTO result VALUES (12, 92, 158, 18188, 0, 0);
INSERT INTO result VALUES (12, 86, 159, 18188, 0, 0);
INSERT INTO result VALUES (12, 134, 160, 18188, 0, 0);
INSERT INTO result VALUES (12, 82, 161, 18199, 0, 0);
INSERT INTO result VALUES (12, 172, 162, 18199, 0, 0);
INSERT INTO result VALUES (12, 226, 163, 18204, 0, 0);
INSERT INTO result VALUES (12, 167, 164, 18210, 0, 0);
INSERT INTO result VALUES (12, 73, 165, 18220, 0, 0);
INSERT INTO result VALUES (12, 124, 166, 18279, 0, 0);
INSERT INTO result VALUES (12, 118, 167, 18288, 0, 0);
INSERT INTO result VALUES (12, 223, 168, 18290, 0, 0);
INSERT INTO result VALUES (12, 127, 169, 18290, 0, 0);
INSERT INTO result VALUES (12, 125, 170, 18322, 0, 0);
INSERT INTO result VALUES (12, 163, 171, 18322, 0, 0);
INSERT INTO result VALUES (13, 1, 1, 1380, 0, 0);
INSERT INTO result VALUES (13, 11, 2, 1416, 0, 0);
INSERT INTO result VALUES (13, 71, 3, 1460, 0, 0);
INSERT INTO result VALUES (13, 72, 4, 1496, 0, 0);
INSERT INTO result VALUES (13, 126, 5, 1498, 0, 0);
INSERT INTO result VALUES (13, 15, 6, 1503, 0, 0);
INSERT INTO result VALUES (13, 191, 7, 1506, 0, 0);
INSERT INTO result VALUES (13, 8, 8, 1515, 0, 0);
INSERT INTO result VALUES (13, 55, 9, 1521, 0, 0);
INSERT INTO result VALUES (13, 151, 10, 1522, 0, 0);
INSERT INTO result VALUES (13, 131, 11, 1535, 0, 0);
INSERT INTO result VALUES (13, 21, 12, 1539, 0, 0);
INSERT INTO result VALUES (13, 66, 13, 1548, 0, 0);
INSERT INTO result VALUES (13, 221, 14, 1552, 0, 0);
INSERT INTO result VALUES (13, 36, 15, 1553, 0, 0);
INSERT INTO result VALUES (13, 141, 16, 1559, 0, 0);
INSERT INTO result VALUES (13, 111, 17, 1563, 0, 0);
INSERT INTO result VALUES (13, 137, 18, 1568, 0, 0);
INSERT INTO result VALUES (13, 152, 19, 1572, 0, 0);
INSERT INTO result VALUES (13, 51, 20, 1575, 0, 0);
INSERT INTO result VALUES (13, 16, 21, 1578, 0, 0);
INSERT INTO result VALUES (13, 174, 22, 1580, 0, 0);
INSERT INTO result VALUES (13, 186, 23, 1581, 0, 0);
INSERT INTO result VALUES (13, 94, 24, 1587, 0, 0);
INSERT INTO result VALUES (13, 156, 25, 1593, 0, 0);
INSERT INTO result VALUES (13, 31, 26, 1598, 0, 0);
INSERT INTO result VALUES (13, 121, 27, 1600, 0, 0);
INSERT INTO result VALUES (13, 148, 28, 1602, 0, 0);
INSERT INTO result VALUES (13, 62, 29, 1624, 0, 0);
INSERT INTO result VALUES (13, 34, 30, 1628, 0, 0);
INSERT INTO result VALUES (13, 206, 31, 1636, 0, 0);
INSERT INTO result VALUES (13, 25, 32, 1637, 0, 0);
INSERT INTO result VALUES (13, 91, 33, 1642, 0, 0);
INSERT INTO result VALUES (13, 176, 34, 1643, 0, 0);
INSERT INTO result VALUES (13, 63, 35, 1644, 0, 0);
INSERT INTO result VALUES (13, 153, 36, 1646, 0, 0);
INSERT INTO result VALUES (13, 192, 37, 1652, 0, 0);
INSERT INTO result VALUES (13, 108, 38, 1653, 0, 0);
INSERT INTO result VALUES (13, 178, 39, 1654, 0, 0);
INSERT INTO result VALUES (13, 26, 40, 1657, 0, 0);
INSERT INTO result VALUES (13, 58, 41, 1660, 0, 0);
INSERT INTO result VALUES (13, 164, 42, 1662, 0, 0);
INSERT INTO result VALUES (13, 96, 43, 1664, 0, 0);
INSERT INTO result VALUES (13, 104, 44, 1665, 0, 0);
INSERT INTO result VALUES (13, 6, 45, 1668, 0, 0);
INSERT INTO result VALUES (13, 117, 46, 1669, 0, 0);
INSERT INTO result VALUES (13, 217, 47, 1669, 0, 0);
INSERT INTO result VALUES (13, 35, 48, 1670, 0, 0);
INSERT INTO result VALUES (13, 7, 49, 1672, 0, 0);
INSERT INTO result VALUES (13, 78, 50, 1679, 0, 0);
INSERT INTO result VALUES (13, 168, 51, 1679, 0, 0);
INSERT INTO result VALUES (13, 17, 52, 1683, 0, 0);
INSERT INTO result VALUES (13, 138, 53, 1684, 0, 0);
INSERT INTO result VALUES (13, 142, 54, 1686, 0, 0);
INSERT INTO result VALUES (13, 203, 55, 1687, 0, 0);
INSERT INTO result VALUES (13, 171, 56, 1687, 0, 0);
INSERT INTO result VALUES (13, 184, 57, 1688, 0, 0);
INSERT INTO result VALUES (13, 103, 58, 1688, 0, 0);
INSERT INTO result VALUES (13, 43, 59, 1690, 0, 0);
INSERT INTO result VALUES (13, 212, 60, 1691, 0, 0);
INSERT INTO result VALUES (13, 198, 61, 1692, 0, 0);
INSERT INTO result VALUES (13, 28, 62, 1694, 0, 0);
INSERT INTO result VALUES (13, 18, 63, 1697, 0, 0);
INSERT INTO result VALUES (13, 46, 64, 1698, 0, 0);
INSERT INTO result VALUES (13, 95, 65, 1698, 0, 0);
INSERT INTO result VALUES (13, 56, 66, 1699, 0, 0);
INSERT INTO result VALUES (13, 162, 67, 1699, 0, 0);
INSERT INTO result VALUES (13, 146, 68, 1700, 0, 0);
INSERT INTO result VALUES (13, 57, 69, 1700, 0, 0);
INSERT INTO result VALUES (13, 33, 70, 1700, 0, 0);
INSERT INTO result VALUES (13, 86, 71, 1701, 0, 0);
INSERT INTO result VALUES (13, 166, 72, 1707, 0, 0);
INSERT INTO result VALUES (13, 144, 73, 1707, 0, 0);
INSERT INTO result VALUES (13, 84, 74, 1708, 0, 0);
INSERT INTO result VALUES (13, 3, 75, 1708, 0, 0);
INSERT INTO result VALUES (13, 61, 76, 1708, 0, 0);
INSERT INTO result VALUES (13, 37, 77, 1709, 0, 0);
INSERT INTO result VALUES (13, 67, 78, 1712, 0, 0);
INSERT INTO result VALUES (13, 133, 79, 1712, 0, 0);
INSERT INTO result VALUES (13, 222, 80, 1715, 0, 0);
INSERT INTO result VALUES (13, 147, 81, 1715, 0, 0);
INSERT INTO result VALUES (13, 136, 82, 1715, 0, 0);
INSERT INTO result VALUES (13, 4, 83, 1716, 0, 0);
INSERT INTO result VALUES (13, 44, 84, 1718, 0, 0);
INSERT INTO result VALUES (13, 85, 85, 1721, 0, 0);
INSERT INTO result VALUES (13, 42, 86, 1722, 0, 0);
INSERT INTO result VALUES (13, 218, 87, 1722, 0, 0);
INSERT INTO result VALUES (13, 201, 88, 1723, 0, 0);
INSERT INTO result VALUES (13, 98, 89, 1724, 0, 0);
INSERT INTO result VALUES (13, 215, 90, 1727, 0, 0);
INSERT INTO result VALUES (13, 161, 91, 1728, 0, 0);
INSERT INTO result VALUES (13, 193, 92, 1728, 0, 0);
INSERT INTO result VALUES (13, 102, 93, 1731, 0, 0);
INSERT INTO result VALUES (13, 181, 94, 1731, 0, 0);
INSERT INTO result VALUES (13, 5, 95, 1733, 0, 0);
INSERT INTO result VALUES (13, 182, 96, 1733, 0, 0);
INSERT INTO result VALUES (13, 76, 97, 1735, 0, 0);
INSERT INTO result VALUES (13, 187, 98, 1737, 0, 0);
INSERT INTO result VALUES (13, 227, 99, 1737, 0, 0);
INSERT INTO result VALUES (13, 207, 100, 1737, 0, 0);
INSERT INTO result VALUES (13, 167, 101, 1739, 0, 0);
INSERT INTO result VALUES (13, 177, 102, 1742, 0, 0);
INSERT INTO result VALUES (13, 87, 103, 1742, 0, 0);
INSERT INTO result VALUES (13, 93, 104, 1742, 0, 0);
INSERT INTO result VALUES (13, 12, 105, 1743, 0, 0);
INSERT INTO result VALUES (13, 195, 106, 1744, 0, 0);
INSERT INTO result VALUES (13, 106, 107, 1744, 0, 0);
INSERT INTO result VALUES (13, 23, 108, 1745, 0, 0);
INSERT INTO result VALUES (13, 197, 109, 1745, 0, 0);
INSERT INTO result VALUES (13, 205, 110, 1746, 0, 0);
INSERT INTO result VALUES (13, 13, 111, 1747, 0, 0);
INSERT INTO result VALUES (13, 157, 112, 1748, 0, 0);
INSERT INTO result VALUES (13, 75, 113, 1748, 0, 0);
INSERT INTO result VALUES (13, 155, 114, 1749, 0, 0);
INSERT INTO result VALUES (13, 143, 115, 1750, 0, 0);
INSERT INTO result VALUES (13, 47, 116, 1752, 0, 0);
INSERT INTO result VALUES (13, 81, 117, 1753, 0, 0);
INSERT INTO result VALUES (13, 123, 118, 1755, 0, 0);
INSERT INTO result VALUES (13, 32, 119, 1756, 0, 0);
INSERT INTO result VALUES (13, 145, 120, 1756, 0, 0);
INSERT INTO result VALUES (13, 175, 121, 1756, 0, 0);
INSERT INTO result VALUES (13, 113, 122, 1757, 0, 0);
INSERT INTO result VALUES (13, 135, 123, 1758, 0, 0);
INSERT INTO result VALUES (13, 132, 124, 1760, 0, 0);
INSERT INTO result VALUES (13, 194, 125, 1761, 0, 0);
INSERT INTO result VALUES (13, 118, 126, 1762, 0, 0);
INSERT INTO result VALUES (13, 114, 127, 1764, 0, 0);
INSERT INTO result VALUES (13, 226, 128, 1766, 0, 0);
INSERT INTO result VALUES (13, 82, 129, 1767, 0, 0);
INSERT INTO result VALUES (13, 158, 130, 1768, 0, 0);
INSERT INTO result VALUES (13, 77, 131, 1768, 0, 0);
INSERT INTO result VALUES (13, 196, 132, 1769, 0, 0);
INSERT INTO result VALUES (13, 92, 133, 1770, 0, 0);
INSERT INTO result VALUES (13, 65, 134, 1771, 0, 0);
INSERT INTO result VALUES (13, 202, 135, 1771, 0, 0);
INSERT INTO result VALUES (13, 97, 136, 1771, 0, 0);
INSERT INTO result VALUES (13, 112, 137, 1773, 0, 0);
INSERT INTO result VALUES (13, 73, 138, 1774, 0, 0);
INSERT INTO result VALUES (13, 172, 139, 1777, 0, 0);
INSERT INTO result VALUES (13, 208, 140, 1777, 0, 0);
INSERT INTO result VALUES (13, 83, 141, 1779, 0, 0);
INSERT INTO result VALUES (13, 68, 142, 1779, 0, 0);
INSERT INTO result VALUES (13, 45, 143, 1780, 0, 0);
INSERT INTO result VALUES (13, 225, 144, 1780, 0, 0);
INSERT INTO result VALUES (13, 224, 145, 1780, 0, 0);
INSERT INTO result VALUES (13, 105, 146, 1781, 0, 0);
INSERT INTO result VALUES (13, 214, 147, 1784, 0, 0);
INSERT INTO result VALUES (13, 88, 148, 1786, 0, 0);
INSERT INTO result VALUES (13, 74, 149, 1788, 0, 0);
INSERT INTO result VALUES (13, 14, 150, 1788, 0, 0);
INSERT INTO result VALUES (13, 223, 151, 1788, 0, 0);
INSERT INTO result VALUES (13, 163, 152, 1791, 0, 0);
INSERT INTO result VALUES (13, 107, 153, 1792, 0, 0);
INSERT INTO result VALUES (13, 53, 154, 1797, 0, 0);
INSERT INTO result VALUES (13, 52, 155, 1801, 0, 0);
INSERT INTO result VALUES (13, 188, 156, 1801, 0, 0);
INSERT INTO result VALUES (13, 27, 157, 1802, 0, 0);
INSERT INTO result VALUES (13, 165, 158, 1803, 0, 0);
INSERT INTO result VALUES (13, 211, 159, 1804, 0, 0);
INSERT INTO result VALUES (13, 216, 160, 1812, 0, 0);
INSERT INTO result VALUES (13, 124, 161, 1815, 0, 0);
INSERT INTO result VALUES (13, 183, 162, 1816, 0, 0);
INSERT INTO result VALUES (13, 116, 163, 1817, 0, 0);
INSERT INTO result VALUES (13, 115, 164, 1831, 0, 0);
INSERT INTO result VALUES (13, 204, 165, 1835, 0, 0);
INSERT INTO result VALUES (13, 128, 166, 1836, 0, 0);
INSERT INTO result VALUES (13, 41, 167, 1854, 0, 0);
INSERT INTO result VALUES (13, 134, 168, 1859, 0, 0);
INSERT INTO result VALUES (13, 127, 169, 1870, 0, 0);
INSERT INTO result VALUES (13, 24, 170, 1887, 0, 0);
INSERT INTO result VALUES (13, 125, 171, 1888, 0, 0);
INSERT INTO result VALUES (14, 62, 1, 17615, 10, 0);
INSERT INTO result VALUES (14, 1, 2, 17683, 6, 0);
INSERT INTO result VALUES (14, 11, 3, 17687, 4, 0);
INSERT INTO result VALUES (14, 151, 4, 17694, 0, 0);
INSERT INTO result VALUES (14, 72, 5, 17700, 0, 0);
INSERT INTO result VALUES (14, 191, 6, 17744, 0, 0);
INSERT INTO result VALUES (14, 31, 7, 17781, 0, 0);
INSERT INTO result VALUES (14, 71, 8, 17781, 0, 0);
INSERT INTO result VALUES (14, 221, 9, 17794, 0, 0);
INSERT INTO result VALUES (14, 131, 10, 17803, 0, 0);
INSERT INTO result VALUES (14, 66, 11, 17810, 0, 0);
INSERT INTO result VALUES (14, 171, 12, 17840, 0, 0);
INSERT INTO result VALUES (14, 186, 13, 17844, 0, 0);
INSERT INTO result VALUES (14, 8, 14, 17891, 0, 0);
INSERT INTO result VALUES (14, 148, 15, 17898, 0, 0);
INSERT INTO result VALUES (14, 121, 16, 17938, 0, 0);
INSERT INTO result VALUES (14, 3, 17, 17944, 0, 0);
INSERT INTO result VALUES (14, 18, 18, 17995, 0, 0);
INSERT INTO result VALUES (14, 157, 19, 18073, 0, 0);
INSERT INTO result VALUES (14, 176, 20, 18076, 0, 0);
INSERT INTO result VALUES (14, 146, 21, 18076, 0, 0);
INSERT INTO result VALUES (14, 16, 22, 18109, 0, 0);
INSERT INTO result VALUES (14, 91, 23, 18139, 0, 0);
INSERT INTO result VALUES (14, 192, 24, 18204, 0, 0);
INSERT INTO result VALUES (14, 25, 25, 18234, 0, 0);
INSERT INTO result VALUES (14, 135, 26, 18282, 0, 0);
INSERT INTO result VALUES (14, 156, 27, 18416, 0, 0);
INSERT INTO result VALUES (14, 6, 28, 18458, 0, 0);
INSERT INTO result VALUES (14, 28, 29, 18490, 0, 0);
INSERT INTO result VALUES (14, 137, 30, 18517, 0, 0);
INSERT INTO result VALUES (14, 95, 31, 18528, 0, 0);
INSERT INTO result VALUES (14, 42, 32, 18542, 0, 0);
INSERT INTO result VALUES (14, 14, 33, 18695, 0, 0);
INSERT INTO result VALUES (14, 15, 34, 18751, 0, 0);
INSERT INTO result VALUES (14, 55, 35, 18751, 0, 0);
INSERT INTO result VALUES (14, 94, 36, 18836, 0, 0);
INSERT INTO result VALUES (14, 104, 37, 18836, 0, 0);
INSERT INTO result VALUES (14, 78, 38, 18836, 0, 0);
INSERT INTO result VALUES (14, 5, 39, 18933, 0, 0);
INSERT INTO result VALUES (14, 61, 40, 18933, 0, 0);
INSERT INTO result VALUES (14, 108, 41, 18984, 0, 0);
INSERT INTO result VALUES (14, 36, 42, 19050, 0, 0);
INSERT INTO result VALUES (14, 34, 43, 19050, 0, 0);
INSERT INTO result VALUES (14, 117, 44, 19120, 0, 0);
INSERT INTO result VALUES (14, 201, 45, 19182, 0, 0);
INSERT INTO result VALUES (14, 4, 46, 19217, 0, 0);
INSERT INTO result VALUES (14, 203, 47, 19262, 0, 0);
INSERT INTO result VALUES (14, 63, 48, 19263, 0, 0);
INSERT INTO result VALUES (14, 144, 49, 19272, 0, 0);
INSERT INTO result VALUES (14, 111, 50, 19272, 0, 0);
INSERT INTO result VALUES (14, 133, 51, 19272, 0, 0);
INSERT INTO result VALUES (14, 141, 52, 19272, 0, 0);
INSERT INTO result VALUES (14, 227, 53, 19284, 0, 0);
INSERT INTO result VALUES (14, 198, 54, 19305, 0, 0);
INSERT INTO result VALUES (14, 184, 55, 19509, 0, 0);
INSERT INTO result VALUES (14, 96, 56, 19509, 0, 0);
INSERT INTO result VALUES (14, 178, 57, 19509, 0, 0);
INSERT INTO result VALUES (14, 138, 58, 19509, 0, 0);
INSERT INTO result VALUES (14, 98, 59, 19564, 0, 0);
INSERT INTO result VALUES (14, 174, 60, 19647, 0, 0);
INSERT INTO result VALUES (14, 206, 61, 19647, 0, 0);
INSERT INTO result VALUES (14, 23, 62, 19647, 0, 0);
INSERT INTO result VALUES (14, 105, 63, 19670, 0, 0);
INSERT INTO result VALUES (14, 84, 64, 19670, 0, 0);
INSERT INTO result VALUES (14, 7, 65, 19676, 0, 0);
INSERT INTO result VALUES (14, 188, 66, 19681, 0, 0);
INSERT INTO result VALUES (14, 153, 67, 19693, 0, 0);
INSERT INTO result VALUES (14, 155, 68, 19743, 0, 0);
INSERT INTO result VALUES (14, 166, 69, 19743, 0, 0);
INSERT INTO result VALUES (14, 65, 70, 19759, 0, 0);
INSERT INTO result VALUES (14, 222, 71, 19759, 0, 0);
INSERT INTO result VALUES (14, 97, 72, 19759, 0, 0);
INSERT INTO result VALUES (14, 136, 73, 19759, 0, 0);
INSERT INTO result VALUES (14, 107, 74, 19759, 0, 0);
INSERT INTO result VALUES (14, 225, 75, 19759, 0, 0);
INSERT INTO result VALUES (14, 93, 76, 19759, 0, 0);
INSERT INTO result VALUES (14, 75, 77, 19759, 0, 0);
INSERT INTO result VALUES (14, 212, 78, 19759, 0, 0);
INSERT INTO result VALUES (14, 116, 79, 19759, 0, 0);
INSERT INTO result VALUES (14, 106, 80, 19759, 0, 0);
INSERT INTO result VALUES (14, 102, 81, 19759, 0, 0);
INSERT INTO result VALUES (14, 183, 82, 19759, 0, 0);
INSERT INTO result VALUES (14, 158, 83, 19759, 0, 0);
INSERT INTO result VALUES (14, 68, 84, 19759, 0, 0);
INSERT INTO result VALUES (14, 35, 85, 19759, 0, 0);
INSERT INTO result VALUES (14, 218, 86, 19759, 0, 0);
INSERT INTO result VALUES (14, 196, 87, 19759, 0, 0);
INSERT INTO result VALUES (14, 161, 88, 19759, 0, 0);
INSERT INTO result VALUES (14, 187, 89, 19778, 0, 0);
INSERT INTO result VALUES (14, 152, 90, 19782, 0, 0);
INSERT INTO result VALUES (14, 207, 91, 19793, 0, 0);
INSERT INTO result VALUES (14, 208, 92, 19811, 0, 0);
INSERT INTO result VALUES (14, 168, 93, 19815, 0, 0);
INSERT INTO result VALUES (14, 132, 94, 19860, 0, 0);
INSERT INTO result VALUES (14, 67, 95, 19860, 0, 0);
INSERT INTO result VALUES (14, 164, 96, 19860, 0, 0);
INSERT INTO result VALUES (14, 33, 97, 19869, 0, 0);
INSERT INTO result VALUES (14, 26, 98, 19869, 0, 0);
INSERT INTO result VALUES (14, 202, 99, 19869, 0, 0);
INSERT INTO result VALUES (14, 204, 100, 19869, 0, 0);
INSERT INTO result VALUES (14, 193, 101, 19869, 0, 0);
INSERT INTO result VALUES (14, 12, 102, 19869, 0, 0);
INSERT INTO result VALUES (14, 51, 103, 19869, 0, 0);
INSERT INTO result VALUES (14, 118, 104, 19869, 0, 0);
INSERT INTO result VALUES (14, 87, 105, 19869, 0, 0);
INSERT INTO result VALUES (14, 17, 106, 19869, 0, 0);
INSERT INTO result VALUES (14, 13, 107, 19869, 0, 0);
INSERT INTO result VALUES (14, 76, 108, 19869, 0, 0);
INSERT INTO result VALUES (14, 114, 109, 19869, 0, 0);
INSERT INTO result VALUES (14, 182, 110, 19869, 0, 0);
INSERT INTO result VALUES (14, 194, 111, 19869, 0, 0);
INSERT INTO result VALUES (14, 113, 112, 19869, 0, 0);
INSERT INTO result VALUES (14, 197, 113, 19869, 0, 0);
INSERT INTO result VALUES (14, 162, 114, 19869, 0, 0);
INSERT INTO result VALUES (14, 37, 115, 19869, 0, 0);
INSERT INTO result VALUES (14, 123, 116, 19869, 0, 0);
INSERT INTO result VALUES (14, 195, 117, 19869, 0, 0);
INSERT INTO result VALUES (14, 142, 118, 19869, 0, 0);
INSERT INTO result VALUES (14, 226, 119, 19869, 0, 0);
INSERT INTO result VALUES (14, 32, 120, 19869, 0, 0);
INSERT INTO result VALUES (14, 145, 121, 19884, 0, 0);
INSERT INTO result VALUES (14, 214, 122, 19896, 0, 0);
INSERT INTO result VALUES (14, 103, 123, 19896, 0, 0);
INSERT INTO result VALUES (14, 58, 124, 19896, 0, 0);
INSERT INTO result VALUES (14, 92, 125, 19896, 0, 0);
INSERT INTO result VALUES (14, 134, 126, 19918, 0, 0);
INSERT INTO result VALUES (14, 205, 127, 19918, 0, 0);
INSERT INTO result VALUES (14, 57, 128, 19952, 0, 0);
INSERT INTO result VALUES (14, 217, 129, 19960, 0, 0);
INSERT INTO result VALUES (14, 147, 130, 19970, 0, 0);
INSERT INTO result VALUES (14, 143, 131, 19970, 0, 0);
INSERT INTO result VALUES (14, 44, 132, 19986, 0, 0);
INSERT INTO result VALUES (14, 53, 133, 19988, 0, 0);
INSERT INTO result VALUES (14, 56, 134, 19988, 0, 0);
INSERT INTO result VALUES (14, 224, 135, 20051, 0, 0);
INSERT INTO result VALUES (14, 43, 136, 20051, 0, 0);
INSERT INTO result VALUES (14, 77, 137, 20057, 0, 0);
INSERT INTO result VALUES (14, 127, 138, 20057, 0, 0);
INSERT INTO result VALUES (14, 177, 139, 20057, 0, 0);
INSERT INTO result VALUES (14, 45, 140, 20057, 0, 0);
INSERT INTO result VALUES (14, 46, 141, 20057, 0, 0);
INSERT INTO result VALUES (14, 74, 142, 20057, 0, 0);
INSERT INTO result VALUES (14, 47, 143, 20057, 0, 0);
INSERT INTO result VALUES (14, 41, 144, 20057, 0, 0);
INSERT INTO result VALUES (14, 115, 145, 20070, 0, 0);
INSERT INTO result VALUES (14, 216, 146, 20076, 0, 0);
INSERT INTO result VALUES (14, 215, 147, 20076, 0, 0);
INSERT INTO result VALUES (14, 165, 148, 20084, 0, 0);
INSERT INTO result VALUES (14, 125, 149, 20090, 0, 0);
INSERT INTO result VALUES (14, 126, 150, 20090, 0, 0);
INSERT INTO result VALUES (14, 86, 151, 20097, 0, 0);
INSERT INTO result VALUES (14, 73, 152, 20097, 0, 0);
INSERT INTO result VALUES (14, 52, 153, 20107, 0, 0);
INSERT INTO result VALUES (14, 223, 154, 20107, 0, 0);
INSERT INTO result VALUES (14, 83, 155, 20111, 0, 0);
INSERT INTO result VALUES (14, 81, 156, 20111, 0, 0);
INSERT INTO result VALUES (14, 175, 157, 20111, 0, 0);
INSERT INTO result VALUES (14, 112, 158, 20111, 0, 0);
INSERT INTO result VALUES (14, 27, 159, 20127, 0, 0);
INSERT INTO result VALUES (14, 211, 160, 20127, 0, 0);
INSERT INTO result VALUES (14, 24, 161, 20127, 0, 0);
INSERT INTO result VALUES (14, 167, 162, 20136, 0, 0);
INSERT INTO result VALUES (14, 82, 163, 20167, 0, 0);
INSERT INTO result VALUES (14, 172, 164, 20177, 0, 0);
INSERT INTO result VALUES (14, 88, 165, 20177, 0, 0);
INSERT INTO result VALUES (14, 124, 166, 20208, 0, 0);
INSERT INTO result VALUES (14, 128, 167, 20208, 0, 0);
INSERT INTO result VALUES (15, 7, 1, 12849, 10, 0);
INSERT INTO result VALUES (15, 14, 2, 12937, 6, 0);
INSERT INTO result VALUES (15, 111, 3, 12945, 4, 0);
INSERT INTO result VALUES (15, 17, 4, 12945, 0, 0);
INSERT INTO result VALUES (15, 65, 5, 12945, 0, 0);
INSERT INTO result VALUES (15, 78, 6, 12945, 0, 0);
INSERT INTO result VALUES (15, 87, 7, 12945, 0, 0);
INSERT INTO result VALUES (15, 186, 8, 12945, 0, 0);
INSERT INTO result VALUES (15, 37, 9, 12945, 0, 0);
INSERT INTO result VALUES (15, 95, 10, 12945, 0, 0);
INSERT INTO result VALUES (15, 171, 11, 12945, 0, 0);
INSERT INTO result VALUES (15, 83, 12, 12945, 0, 0);
INSERT INTO result VALUES (15, 23, 13, 12945, 0, 0);
INSERT INTO result VALUES (15, 147, 14, 12945, 0, 0);
INSERT INTO result VALUES (15, 51, 15, 12945, 0, 0);
INSERT INTO result VALUES (15, 35, 16, 12945, 0, 0);
INSERT INTO result VALUES (15, 192, 17, 12945, 0, 0);
INSERT INTO result VALUES (15, 227, 18, 12945, 0, 0);
INSERT INTO result VALUES (15, 66, 19, 12945, 0, 0);
INSERT INTO result VALUES (15, 91, 20, 12945, 0, 0);
INSERT INTO result VALUES (15, 84, 21, 12945, 0, 0);
INSERT INTO result VALUES (15, 117, 22, 12945, 0, 0);
INSERT INTO result VALUES (15, 121, 23, 12945, 0, 0);
INSERT INTO result VALUES (15, 206, 24, 12945, 0, 0);
INSERT INTO result VALUES (15, 104, 25, 13210, 0, 0);
INSERT INTO result VALUES (15, 198, 26, 13210, 0, 0);
INSERT INTO result VALUES (15, 31, 27, 13216, 0, 0);
INSERT INTO result VALUES (15, 5, 28, 13216, 0, 0);
INSERT INTO result VALUES (15, 168, 29, 13216, 0, 0);
INSERT INTO result VALUES (15, 222, 30, 13216, 0, 0);
INSERT INTO result VALUES (15, 4, 31, 13216, 0, 0);
INSERT INTO result VALUES (15, 6, 32, 13216, 0, 0);
INSERT INTO result VALUES (15, 1, 33, 13216, 0, 0);
INSERT INTO result VALUES (15, 3, 34, 13216, 0, 0);
INSERT INTO result VALUES (15, 136, 35, 13216, 0, 0);
INSERT INTO result VALUES (15, 223, 36, 13216, 0, 0);
INSERT INTO result VALUES (15, 221, 37, 13216, 0, 0);
INSERT INTO result VALUES (15, 225, 38, 13216, 0, 0);
INSERT INTO result VALUES (15, 12, 39, 13216, 0, 0);
INSERT INTO result VALUES (15, 11, 40, 13216, 0, 0);
INSERT INTO result VALUES (15, 137, 41, 13216, 0, 0);
INSERT INTO result VALUES (15, 15, 42, 13216, 0, 0);
INSERT INTO result VALUES (15, 16, 43, 13216, 0, 0);
INSERT INTO result VALUES (15, 77, 44, 13216, 0, 0);
INSERT INTO result VALUES (15, 75, 45, 13216, 0, 0);
INSERT INTO result VALUES (15, 72, 46, 13216, 0, 0);
INSERT INTO result VALUES (15, 131, 47, 13216, 0, 0);
INSERT INTO result VALUES (15, 58, 48, 13216, 0, 0);
INSERT INTO result VALUES (15, 71, 49, 13216, 0, 0);
INSERT INTO result VALUES (15, 138, 50, 13216, 0, 0);
INSERT INTO result VALUES (15, 107, 51, 13216, 0, 0);
INSERT INTO result VALUES (15, 196, 52, 13216, 0, 0);
INSERT INTO result VALUES (15, 135, 53, 13216, 0, 0);
INSERT INTO result VALUES (15, 105, 54, 13216, 0, 0);
INSERT INTO result VALUES (15, 191, 55, 13216, 0, 0);
INSERT INTO result VALUES (15, 197, 56, 13216, 0, 0);
INSERT INTO result VALUES (15, 86, 57, 13216, 0, 0);
INSERT INTO result VALUES (15, 195, 58, 13216, 0, 0);
INSERT INTO result VALUES (15, 177, 59, 13216, 0, 0);
INSERT INTO result VALUES (15, 93, 60, 13216, 0, 0);
INSERT INTO result VALUES (15, 184, 61, 13216, 0, 0);
INSERT INTO result VALUES (15, 106, 62, 13216, 0, 0);
INSERT INTO result VALUES (15, 155, 63, 13216, 0, 0);
INSERT INTO result VALUES (15, 151, 64, 13216, 0, 0);
INSERT INTO result VALUES (15, 176, 65, 13216, 0, 0);
INSERT INTO result VALUES (15, 116, 66, 13216, 0, 0);
INSERT INTO result VALUES (15, 94, 67, 13216, 0, 0);
INSERT INTO result VALUES (15, 113, 68, 13216, 0, 0);
INSERT INTO result VALUES (15, 112, 69, 13216, 0, 0);
INSERT INTO result VALUES (15, 164, 70, 13216, 0, 0);
INSERT INTO result VALUES (15, 183, 71, 13216, 0, 0);
INSERT INTO result VALUES (15, 26, 72, 13216, 0, 0);
INSERT INTO result VALUES (15, 146, 73, 13216, 0, 0);
INSERT INTO result VALUES (15, 97, 74, 13216, 0, 0);
INSERT INTO result VALUES (15, 98, 75, 13216, 0, 0);
INSERT INTO result VALUES (15, 161, 76, 13216, 0, 0);
INSERT INTO result VALUES (15, 96, 77, 13216, 0, 0);
INSERT INTO result VALUES (15, 188, 78, 13216, 0, 0);
INSERT INTO result VALUES (15, 62, 79, 13216, 0, 0);
INSERT INTO result VALUES (15, 156, 80, 13216, 0, 0);
INSERT INTO result VALUES (15, 205, 81, 13216, 0, 0);
INSERT INTO result VALUES (15, 201, 82, 13216, 0, 0);
INSERT INTO result VALUES (15, 203, 83, 13216, 0, 0);
INSERT INTO result VALUES (15, 103, 84, 13216, 0, 0);
INSERT INTO result VALUES (15, 207, 85, 13216, 0, 0);
INSERT INTO result VALUES (15, 182, 86, 13216, 0, 0);
INSERT INTO result VALUES (15, 157, 87, 13241, 0, 0);
INSERT INTO result VALUES (15, 108, 88, 13241, 0, 0);
INSERT INTO result VALUES (15, 28, 89, 13249, 0, 0);
INSERT INTO result VALUES (15, 33, 90, 13249, 0, 0);
INSERT INTO result VALUES (15, 36, 91, 13259, 0, 0);
INSERT INTO result VALUES (15, 208, 92, 13267, 0, 0);
INSERT INTO result VALUES (15, 32, 93, 13273, 0, 0);
INSERT INTO result VALUES (15, 61, 94, 13279, 0, 0);
INSERT INTO result VALUES (15, 152, 95, 13279, 0, 0);
INSERT INTO result VALUES (15, 153, 96, 13352, 0, 0);
INSERT INTO result VALUES (15, 141, 97, 13359, 0, 0);
INSERT INTO result VALUES (15, 218, 98, 13365, 0, 0);
INSERT INTO result VALUES (15, 56, 99, 13386, 0, 0);
INSERT INTO result VALUES (15, 187, 100, 13975, 0, 0);
INSERT INTO result VALUES (15, 41, 101, 13975, 0, 0);
INSERT INTO result VALUES (15, 126, 102, 13975, 0, 0);
INSERT INTO result VALUES (15, 118, 103, 13975, 0, 0);
INSERT INTO result VALUES (15, 67, 104, 13975, 0, 0);
INSERT INTO result VALUES (15, 123, 105, 13975, 0, 0);
INSERT INTO result VALUES (15, 214, 106, 13975, 0, 0);
INSERT INTO result VALUES (15, 215, 107, 13975, 0, 0);
INSERT INTO result VALUES (15, 211, 108, 14004, 0, 0);
INSERT INTO result VALUES (15, 175, 109, 14211, 0, 0);
INSERT INTO result VALUES (15, 45, 110, 14211, 0, 0);
INSERT INTO result VALUES (15, 145, 111, 14211, 0, 0);
INSERT INTO result VALUES (15, 172, 112, 14211, 0, 0);
INSERT INTO result VALUES (15, 46, 113, 14211, 0, 0);
INSERT INTO result VALUES (15, 102, 114, 14211, 0, 0);
INSERT INTO result VALUES (15, 127, 115, 14211, 0, 0);
INSERT INTO result VALUES (15, 178, 116, 14211, 0, 0);
INSERT INTO result VALUES (15, 53, 117, 14211, 0, 0);
INSERT INTO result VALUES (15, 57, 118, 14211, 0, 0);
INSERT INTO result VALUES (15, 81, 119, 14211, 0, 0);
INSERT INTO result VALUES (15, 193, 120, 14211, 0, 0);
INSERT INTO result VALUES (15, 115, 121, 14211, 0, 0);
INSERT INTO result VALUES (15, 204, 122, 14211, 0, 0);
INSERT INTO result VALUES (15, 128, 123, 14211, 0, 0);
INSERT INTO result VALUES (15, 158, 124, 14211, 0, 0);
INSERT INTO result VALUES (15, 25, 125, 14211, 0, 0);
INSERT INTO result VALUES (15, 76, 126, 14211, 0, 0);
INSERT INTO result VALUES (15, 216, 127, 14211, 0, 0);
INSERT INTO result VALUES (15, 27, 128, 14211, 0, 0);
INSERT INTO result VALUES (15, 144, 129, 14211, 0, 0);
INSERT INTO result VALUES (15, 194, 130, 14211, 0, 0);
INSERT INTO result VALUES (15, 165, 131, 14211, 0, 0);
INSERT INTO result VALUES (15, 13, 132, 14211, 0, 0);
INSERT INTO result VALUES (15, 88, 133, 14211, 0, 0);
INSERT INTO result VALUES (15, 34, 134, 14211, 0, 0);
INSERT INTO result VALUES (15, 162, 135, 14211, 0, 0);
INSERT INTO result VALUES (15, 74, 136, 14211, 0, 0);
INSERT INTO result VALUES (15, 52, 137, 14211, 0, 0);
INSERT INTO result VALUES (15, 166, 138, 14211, 0, 0);
INSERT INTO result VALUES (15, 68, 139, 14211, 0, 0);
INSERT INTO result VALUES (15, 73, 140, 14211, 0, 0);
INSERT INTO result VALUES (15, 92, 141, 14211, 0, 0);
INSERT INTO result VALUES (15, 143, 142, 14211, 0, 0);
INSERT INTO result VALUES (15, 24, 143, 14211, 0, 0);
INSERT INTO result VALUES (15, 8, 144, 14211, 0, 0);
INSERT INTO result VALUES (15, 148, 145, 14211, 0, 0);
INSERT INTO result VALUES (15, 133, 146, 14211, 0, 0);
INSERT INTO result VALUES (15, 125, 147, 14211, 0, 0);
INSERT INTO result VALUES (15, 42, 148, 14211, 0, 0);
INSERT INTO result VALUES (15, 18, 149, 14211, 0, 0);
INSERT INTO result VALUES (15, 44, 150, 14211, 0, 0);
INSERT INTO result VALUES (15, 212, 151, 14211, 0, 0);
INSERT INTO result VALUES (15, 114, 152, 14211, 0, 0);
INSERT INTO result VALUES (15, 174, 153, 14211, 0, 0);
INSERT INTO result VALUES (15, 132, 154, 14211, 0, 0);
INSERT INTO result VALUES (15, 134, 155, 14211, 0, 0);
INSERT INTO result VALUES (15, 47, 156, 14211, 0, 0);
INSERT INTO result VALUES (15, 124, 157, 14211, 0, 0);
INSERT INTO result VALUES (15, 226, 158, 14211, 0, 0);
INSERT INTO result VALUES (15, 224, 159, 14211, 0, 0);
INSERT INTO result VALUES (15, 55, 160, 14211, 0, 0);
INSERT INTO result VALUES (15, 142, 161, 14211, 0, 0);
INSERT INTO result VALUES (15, 43, 162, 14211, 0, 0);
INSERT INTO result VALUES (15, 202, 163, 14211, 0, 0);
INSERT INTO result VALUES (15, 63, 164, 14211, 0, 0);
INSERT INTO result VALUES (15, 167, 165, 14211, 0, 0);
INSERT INTO result VALUES (15, 82, 166, 14211, 0, 0);
INSERT INTO result VALUES (16, 25, 1, 14599, 10, 0);
INSERT INTO result VALUES (16, 31, 2, 14599, 6, 0);
INSERT INTO result VALUES (16, 51, 3, 14603, 4, 0);
INSERT INTO result VALUES (16, 28, 4, 14613, 0, 0);
INSERT INTO result VALUES (16, 1, 5, 14642, 0, 0);
INSERT INTO result VALUES (16, 11, 6, 14644, 0, 0);
INSERT INTO result VALUES (16, 141, 7, 14652, 0, 0);
INSERT INTO result VALUES (16, 111, 8, 14676, 0, 0);
INSERT INTO result VALUES (16, 71, 9, 14710, 0, 0);
INSERT INTO result VALUES (16, 72, 10, 14712, 0, 0);
INSERT INTO result VALUES (16, 146, 11, 14720, 0, 0);
INSERT INTO result VALUES (16, 62, 12, 14726, 0, 0);
INSERT INTO result VALUES (16, 104, 13, 14734, 0, 0);
INSERT INTO result VALUES (16, 191, 14, 14748, 0, 0);
INSERT INTO result VALUES (16, 66, 15, 14781, 0, 0);
INSERT INTO result VALUES (16, 162, 16, 14806, 0, 0);
INSERT INTO result VALUES (16, 151, 17, 14812, 0, 0);
INSERT INTO result VALUES (16, 8, 18, 14817, 0, 0);
INSERT INTO result VALUES (16, 135, 19, 14821, 0, 0);
INSERT INTO result VALUES (16, 131, 20, 14821, 0, 0);
INSERT INTO result VALUES (16, 176, 21, 14824, 0, 0);
INSERT INTO result VALUES (16, 186, 22, 14845, 0, 0);
INSERT INTO result VALUES (16, 174, 23, 14845, 0, 0);
INSERT INTO result VALUES (16, 178, 24, 14845, 0, 0);
INSERT INTO result VALUES (16, 6, 25, 14848, 0, 0);
INSERT INTO result VALUES (16, 14, 26, 14855, 0, 0);
INSERT INTO result VALUES (16, 227, 27, 14910, 0, 0);
INSERT INTO result VALUES (16, 221, 28, 14910, 0, 0);
INSERT INTO result VALUES (16, 16, 29, 14911, 0, 0);
INSERT INTO result VALUES (16, 18, 30, 14918, 0, 0);
INSERT INTO result VALUES (16, 76, 31, 14924, 0, 0);
INSERT INTO result VALUES (16, 121, 32, 14966, 0, 0);
INSERT INTO result VALUES (16, 13, 33, 14983, 0, 0);
INSERT INTO result VALUES (16, 137, 34, 14997, 0, 0);
INSERT INTO result VALUES (16, 182, 35, 14997, 0, 0);
INSERT INTO result VALUES (16, 201, 36, 15049, 0, 0);
INSERT INTO result VALUES (16, 192, 37, 15051, 0, 0);
INSERT INTO result VALUES (16, 133, 38, 15072, 0, 0);
INSERT INTO result VALUES (16, 7, 39, 15131, 0, 0);
INSERT INTO result VALUES (16, 95, 40, 15133, 0, 0);
INSERT INTO result VALUES (16, 91, 41, 15133, 0, 0);
INSERT INTO result VALUES (16, 42, 42, 15133, 0, 0);
INSERT INTO result VALUES (16, 98, 43, 15348, 0, 0);
INSERT INTO result VALUES (16, 96, 44, 15348, 0, 0);
INSERT INTO result VALUES (16, 166, 45, 15396, 0, 0);
INSERT INTO result VALUES (16, 161, 46, 15396, 0, 0);
INSERT INTO result VALUES (16, 157, 47, 15396, 0, 0);
INSERT INTO result VALUES (16, 222, 48, 15479, 0, 0);
INSERT INTO result VALUES (16, 78, 49, 15514, 0, 0);
INSERT INTO result VALUES (16, 107, 50, 15585, 0, 0);
INSERT INTO result VALUES (16, 23, 51, 15618, 0, 0);
INSERT INTO result VALUES (16, 5, 52, 15618, 0, 0);
INSERT INTO result VALUES (16, 153, 53, 15640, 0, 0);
INSERT INTO result VALUES (16, 152, 54, 15640, 0, 0);
INSERT INTO result VALUES (16, 164, 55, 15640, 0, 0);
INSERT INTO result VALUES (16, 177, 56, 15640, 0, 0);
INSERT INTO result VALUES (16, 34, 57, 15640, 0, 0);
INSERT INTO result VALUES (16, 37, 58, 15640, 0, 0);
INSERT INTO result VALUES (16, 218, 59, 15699, 0, 0);
INSERT INTO result VALUES (16, 207, 60, 15734, 0, 0);
INSERT INTO result VALUES (16, 86, 61, 15734, 0, 0);
INSERT INTO result VALUES (16, 226, 62, 15734, 0, 0);
INSERT INTO result VALUES (16, 105, 63, 15775, 0, 0);
INSERT INTO result VALUES (16, 138, 64, 15775, 0, 0);
INSERT INTO result VALUES (16, 193, 65, 15800, 0, 0);
INSERT INTO result VALUES (16, 61, 66, 15851, 0, 0);
INSERT INTO result VALUES (16, 84, 67, 15851, 0, 0);
INSERT INTO result VALUES (16, 128, 68, 15851, 0, 0);
INSERT INTO result VALUES (16, 94, 69, 15851, 0, 0);
INSERT INTO result VALUES (16, 93, 70, 15851, 0, 0);
INSERT INTO result VALUES (16, 46, 71, 15851, 0, 0);
INSERT INTO result VALUES (16, 144, 72, 15851, 0, 0);
INSERT INTO result VALUES (16, 136, 73, 15851, 0, 0);
INSERT INTO result VALUES (16, 58, 74, 15851, 0, 0);
INSERT INTO result VALUES (16, 26, 75, 15851, 0, 0);
INSERT INTO result VALUES (16, 148, 76, 15851, 0, 0);
INSERT INTO result VALUES (16, 67, 77, 15851, 0, 0);
INSERT INTO result VALUES (16, 3, 78, 15851, 0, 0);
INSERT INTO result VALUES (16, 102, 79, 15851, 0, 0);
INSERT INTO result VALUES (16, 142, 80, 15851, 0, 0);
INSERT INTO result VALUES (16, 87, 81, 15851, 0, 0);
INSERT INTO result VALUES (16, 212, 82, 15851, 0, 0);
INSERT INTO result VALUES (16, 114, 83, 15851, 0, 0);
INSERT INTO result VALUES (16, 113, 84, 15851, 0, 0);
INSERT INTO result VALUES (16, 198, 85, 15851, 0, 0);
INSERT INTO result VALUES (16, 47, 86, 15851, 0, 0);
INSERT INTO result VALUES (16, 63, 87, 15851, 0, 0);
INSERT INTO result VALUES (16, 126, 88, 15851, 0, 0);
INSERT INTO result VALUES (16, 214, 89, 15851, 0, 0);
INSERT INTO result VALUES (16, 65, 90, 15851, 0, 0);
INSERT INTO result VALUES (16, 168, 91, 15867, 0, 0);
INSERT INTO result VALUES (16, 183, 92, 15877, 0, 0);
INSERT INTO result VALUES (16, 188, 93, 15877, 0, 0);
INSERT INTO result VALUES (16, 17, 94, 15948, 0, 0);
INSERT INTO result VALUES (16, 74, 95, 15948, 0, 0);
INSERT INTO result VALUES (16, 35, 96, 15963, 0, 0);
INSERT INTO result VALUES (16, 36, 97, 15963, 0, 0);
INSERT INTO result VALUES (16, 205, 98, 16020, 0, 0);
INSERT INTO result VALUES (16, 123, 99, 16033, 0, 0);
INSERT INTO result VALUES (16, 108, 100, 16036, 0, 0);
INSERT INTO result VALUES (16, 215, 101, 16036, 0, 0);
INSERT INTO result VALUES (16, 4, 102, 16049, 0, 0);
INSERT INTO result VALUES (16, 33, 103, 16062, 0, 0);
INSERT INTO result VALUES (16, 32, 104, 16062, 0, 0);
INSERT INTO result VALUES (16, 132, 105, 16068, 0, 0);
INSERT INTO result VALUES (16, 88, 106, 16104, 0, 0);
INSERT INTO result VALUES (16, 83, 107, 16104, 0, 0);
INSERT INTO result VALUES (16, 156, 108, 16114, 0, 0);
INSERT INTO result VALUES (16, 158, 109, 16114, 0, 0);
INSERT INTO result VALUES (16, 195, 110, 16116, 0, 0);
INSERT INTO result VALUES (16, 75, 111, 16118, 0, 0);
INSERT INTO result VALUES (16, 97, 112, 16118, 0, 0);
INSERT INTO result VALUES (16, 202, 113, 16134, 0, 0);
INSERT INTO result VALUES (16, 196, 114, 16134, 0, 0);
INSERT INTO result VALUES (16, 15, 115, 16168, 0, 0);
INSERT INTO result VALUES (16, 12, 116, 16168, 0, 0);
INSERT INTO result VALUES (16, 203, 117, 16168, 0, 0);
INSERT INTO result VALUES (16, 171, 118, 16168, 0, 0);
INSERT INTO result VALUES (16, 216, 119, 16174, 0, 0);
INSERT INTO result VALUES (16, 187, 120, 16176, 0, 0);
INSERT INTO result VALUES (16, 92, 121, 16180, 0, 0);
INSERT INTO result VALUES (16, 55, 122, 16180, 0, 0);
INSERT INTO result VALUES (16, 115, 123, 16216, 0, 0);
INSERT INTO result VALUES (16, 57, 124, 16216, 0, 0);
INSERT INTO result VALUES (16, 117, 125, 16216, 0, 0);
INSERT INTO result VALUES (16, 103, 126, 16216, 0, 0);
INSERT INTO result VALUES (16, 167, 127, 16226, 0, 0);
INSERT INTO result VALUES (16, 56, 128, 16262, 0, 0);
INSERT INTO result VALUES (16, 197, 129, 16282, 0, 0);
INSERT INTO result VALUES (16, 224, 130, 16282, 0, 0);
INSERT INTO result VALUES (16, 127, 131, 16282, 0, 0);
INSERT INTO result VALUES (16, 68, 132, 16282, 0, 0);
INSERT INTO result VALUES (16, 77, 133, 16282, 0, 0);
INSERT INTO result VALUES (16, 112, 134, 16282, 0, 0);
INSERT INTO result VALUES (16, 53, 135, 16282, 0, 0);
INSERT INTO result VALUES (16, 116, 136, 16282, 0, 0);
INSERT INTO result VALUES (16, 43, 137, 16282, 0, 0);
INSERT INTO result VALUES (16, 223, 138, 16282, 0, 0);
INSERT INTO result VALUES (16, 44, 139, 16282, 0, 0);
INSERT INTO result VALUES (16, 145, 140, 16282, 0, 0);
INSERT INTO result VALUES (16, 125, 141, 16282, 0, 0);
INSERT INTO result VALUES (16, 45, 142, 16282, 0, 0);
INSERT INTO result VALUES (16, 52, 143, 16282, 0, 0);
INSERT INTO result VALUES (16, 194, 144, 16282, 0, 0);
INSERT INTO result VALUES (16, 165, 145, 16282, 0, 0);
INSERT INTO result VALUES (16, 118, 146, 16282, 0, 0);
INSERT INTO result VALUES (16, 206, 147, 16282, 0, 0);
INSERT INTO result VALUES (16, 175, 148, 16282, 0, 0);
INSERT INTO result VALUES (16, 208, 149, 16282, 0, 0);
INSERT INTO result VALUES (16, 155, 150, 16291, 0, 0);
INSERT INTO result VALUES (16, 147, 151, 16291, 0, 0);
INSERT INTO result VALUES (16, 143, 152, 16291, 0, 0);
INSERT INTO result VALUES (16, 24, 153, 16291, 0, 0);
INSERT INTO result VALUES (16, 27, 154, 16291, 0, 0);
INSERT INTO result VALUES (16, 204, 155, 16291, 0, 0);
INSERT INTO result VALUES (16, 225, 156, 16295, 0, 0);
INSERT INTO result VALUES (16, 81, 157, 16295, 0, 0);
INSERT INTO result VALUES (16, 41, 158, 16295, 0, 0);
INSERT INTO result VALUES (16, 73, 159, 16302, 0, 0);
INSERT INTO result VALUES (16, 172, 160, 16348, 0, 0);
INSERT INTO result VALUES (16, 82, 161, 16348, 0, 0);
INSERT INTO result VALUES (16, 211, 162, 16348, 0, 0);
INSERT INTO result VALUES (16, 124, 163, 16385, 0, 0);
INSERT INTO result VALUES (16, 134, 164, 16492, 0, 0);
INSERT INTO result VALUES (16, 184, 165, 16524, 0, 0);
INSERT INTO result VALUES (17, 81, 1, 12330, 10, 0);
INSERT INTO result VALUES (17, 73, 2, 12330, 6, 0);
INSERT INTO result VALUES (17, 195, 3, 12330, 4, 0);
INSERT INTO result VALUES (17, 211, 4, 12330, 0, 0);
INSERT INTO result VALUES (17, 172, 5, 12330, 0, 0);
INSERT INTO result VALUES (17, 112, 6, 12330, 0, 0);
INSERT INTO result VALUES (17, 97, 7, 12330, 0, 0);
INSERT INTO result VALUES (17, 175, 8, 12330, 0, 0);
INSERT INTO result VALUES (17, 98, 9, 12330, 0, 0);
INSERT INTO result VALUES (17, 87, 10, 12330, 0, 0);
INSERT INTO result VALUES (17, 218, 11, 12330, 0, 0);
INSERT INTO result VALUES (17, 52, 12, 12330, 0, 0);
INSERT INTO result VALUES (17, 214, 13, 12330, 0, 0);
INSERT INTO result VALUES (17, 124, 14, 12330, 0, 0);
INSERT INTO result VALUES (17, 177, 15, 12330, 0, 0);
INSERT INTO result VALUES (17, 165, 16, 12330, 0, 0);
INSERT INTO result VALUES (17, 43, 17, 12330, 0, 0);
INSERT INTO result VALUES (17, 138, 18, 12330, 0, 0);
INSERT INTO result VALUES (17, 76, 19, 12330, 0, 0);
INSERT INTO result VALUES (17, 103, 20, 12330, 0, 0);
INSERT INTO result VALUES (17, 158, 21, 12330, 0, 0);
INSERT INTO result VALUES (17, 88, 22, 12330, 0, 0);
INSERT INTO result VALUES (17, 221, 23, 12330, 0, 0);
INSERT INTO result VALUES (17, 58, 24, 12330, 0, 0);
INSERT INTO result VALUES (17, 24, 25, 12330, 0, 0);
INSERT INTO result VALUES (17, 105, 26, 12330, 0, 0);
INSERT INTO result VALUES (17, 1, 27, 12330, 0, 0);
INSERT INTO result VALUES (17, 155, 28, 12330, 0, 0);
INSERT INTO result VALUES (17, 151, 29, 12330, 0, 0);
INSERT INTO result VALUES (17, 13, 30, 12330, 0, 0);
INSERT INTO result VALUES (17, 191, 31, 12330, 0, 0);
INSERT INTO result VALUES (17, 65, 32, 12330, 0, 0);
INSERT INTO result VALUES (17, 156, 33, 12330, 0, 0);
INSERT INTO result VALUES (17, 11, 34, 12330, 0, 0);
INSERT INTO result VALUES (17, 68, 35, 12330, 0, 0);
INSERT INTO result VALUES (17, 12, 36, 12330, 0, 0);
INSERT INTO result VALUES (17, 31, 37, 12330, 0, 0);
INSERT INTO result VALUES (17, 72, 38, 12330, 0, 0);
INSERT INTO result VALUES (17, 23, 39, 12330, 0, 0);
INSERT INTO result VALUES (17, 57, 40, 12330, 0, 0);
INSERT INTO result VALUES (17, 186, 41, 12330, 0, 0);
INSERT INTO result VALUES (17, 146, 42, 12330, 0, 0);
INSERT INTO result VALUES (17, 27, 43, 12330, 0, 0);
INSERT INTO result VALUES (17, 192, 44, 12330, 0, 0);
INSERT INTO result VALUES (17, 75, 45, 12330, 0, 0);
INSERT INTO result VALUES (17, 131, 46, 12330, 0, 0);
INSERT INTO result VALUES (17, 137, 47, 12330, 0, 0);
INSERT INTO result VALUES (17, 188, 48, 12330, 0, 0);
INSERT INTO result VALUES (17, 183, 49, 12330, 0, 0);
INSERT INTO result VALUES (17, 187, 50, 12330, 0, 0);
INSERT INTO result VALUES (17, 184, 51, 12330, 0, 0);
INSERT INTO result VALUES (17, 107, 52, 12330, 0, 0);
INSERT INTO result VALUES (17, 174, 53, 12330, 0, 0);
INSERT INTO result VALUES (17, 7, 54, 12330, 0, 0);
INSERT INTO result VALUES (17, 5, 55, 12330, 0, 0);
INSERT INTO result VALUES (17, 4, 56, 12330, 0, 0);
INSERT INTO result VALUES (17, 153, 57, 12330, 0, 0);
INSERT INTO result VALUES (17, 127, 58, 12330, 0, 0);
INSERT INTO result VALUES (17, 91, 59, 12330, 0, 0);
INSERT INTO result VALUES (17, 121, 60, 12330, 0, 0);
INSERT INTO result VALUES (17, 104, 61, 12330, 0, 0);
INSERT INTO result VALUES (17, 102, 62, 12330, 0, 0);
INSERT INTO result VALUES (17, 33, 63, 12330, 0, 0);
INSERT INTO result VALUES (17, 212, 64, 12330, 0, 0);
INSERT INTO result VALUES (17, 215, 65, 12330, 0, 0);
INSERT INTO result VALUES (17, 176, 66, 12330, 0, 0);
INSERT INTO result VALUES (17, 16, 67, 12330, 0, 0);
INSERT INTO result VALUES (17, 136, 68, 12330, 0, 0);
INSERT INTO result VALUES (17, 168, 69, 12330, 0, 0);
INSERT INTO result VALUES (17, 125, 70, 12330, 0, 0);
INSERT INTO result VALUES (17, 3, 71, 12330, 0, 0);
INSERT INTO result VALUES (17, 166, 72, 12330, 0, 0);
INSERT INTO result VALUES (17, 145, 73, 12330, 0, 0);
INSERT INTO result VALUES (17, 74, 74, 12330, 0, 0);
INSERT INTO result VALUES (17, 134, 75, 12330, 0, 0);
INSERT INTO result VALUES (17, 135, 76, 12330, 0, 0);
INSERT INTO result VALUES (17, 132, 77, 12330, 0, 0);
INSERT INTO result VALUES (17, 216, 78, 12330, 0, 0);
INSERT INTO result VALUES (17, 53, 79, 12330, 0, 0);
INSERT INTO result VALUES (17, 161, 80, 12330, 0, 0);
INSERT INTO result VALUES (17, 182, 81, 12330, 0, 0);
INSERT INTO result VALUES (17, 34, 82, 12330, 0, 0);
INSERT INTO result VALUES (17, 36, 83, 12330, 0, 0);
INSERT INTO result VALUES (17, 116, 84, 12330, 0, 0);
INSERT INTO result VALUES (17, 178, 85, 12330, 0, 0);
INSERT INTO result VALUES (17, 95, 86, 12330, 0, 0);
INSERT INTO result VALUES (17, 94, 87, 12330, 0, 0);
INSERT INTO result VALUES (17, 37, 88, 12330, 0, 0);
INSERT INTO result VALUES (17, 193, 89, 12330, 0, 0);
INSERT INTO result VALUES (17, 197, 90, 12330, 0, 0);
INSERT INTO result VALUES (17, 194, 91, 12330, 0, 0);
INSERT INTO result VALUES (17, 196, 92, 12330, 0, 0);
INSERT INTO result VALUES (17, 198, 93, 12330, 0, 0);
INSERT INTO result VALUES (17, 82, 94, 12330, 0, 0);
INSERT INTO result VALUES (17, 15, 95, 12330, 0, 0);
INSERT INTO result VALUES (17, 14, 96, 12330, 0, 0);
INSERT INTO result VALUES (17, 71, 97, 12330, 0, 0);
INSERT INTO result VALUES (17, 226, 98, 12330, 0, 0);
INSERT INTO result VALUES (17, 108, 99, 12330, 0, 0);
INSERT INTO result VALUES (17, 123, 100, 12330, 0, 0);
INSERT INTO result VALUES (17, 78, 101, 12330, 0, 0);
INSERT INTO result VALUES (17, 162, 102, 12330, 0, 0);
INSERT INTO result VALUES (17, 142, 103, 12330, 0, 0);
INSERT INTO result VALUES (17, 114, 104, 12330, 0, 0);
INSERT INTO result VALUES (17, 115, 105, 12330, 0, 0);
INSERT INTO result VALUES (17, 141, 106, 12330, 0, 0);
INSERT INTO result VALUES (17, 113, 107, 12330, 0, 0);
INSERT INTO result VALUES (17, 164, 108, 12330, 0, 0);
INSERT INTO result VALUES (17, 144, 109, 12330, 0, 0);
INSERT INTO result VALUES (17, 18, 110, 12330, 0, 0);
INSERT INTO result VALUES (17, 118, 111, 12330, 0, 0);
INSERT INTO result VALUES (17, 111, 112, 12330, 0, 0);
INSERT INTO result VALUES (17, 35, 113, 12330, 0, 0);
INSERT INTO result VALUES (17, 225, 114, 12330, 0, 0);
INSERT INTO result VALUES (17, 222, 115, 12330, 0, 0);
INSERT INTO result VALUES (17, 6, 116, 12330, 0, 0);
INSERT INTO result VALUES (17, 51, 117, 12330, 0, 0);
INSERT INTO result VALUES (17, 148, 118, 12330, 0, 0);
INSERT INTO result VALUES (17, 28, 119, 12330, 0, 0);
INSERT INTO result VALUES (17, 157, 120, 12330, 0, 0);
INSERT INTO result VALUES (17, 206, 121, 12330, 0, 0);
INSERT INTO result VALUES (17, 208, 122, 12330, 0, 0);
INSERT INTO result VALUES (17, 223, 123, 12330, 0, 0);
INSERT INTO result VALUES (17, 67, 124, 12330, 0, 0);
INSERT INTO result VALUES (17, 61, 125, 12330, 0, 0);
INSERT INTO result VALUES (17, 204, 126, 12330, 0, 0);
INSERT INTO result VALUES (17, 207, 127, 12330, 0, 0);
INSERT INTO result VALUES (17, 205, 128, 12330, 0, 0);
INSERT INTO result VALUES (17, 202, 129, 12330, 0, 0);
INSERT INTO result VALUES (17, 203, 130, 12330, 0, 0);
INSERT INTO result VALUES (17, 96, 131, 12525, 0, 0);
INSERT INTO result VALUES (17, 63, 132, 12330, 0, 0);
INSERT INTO result VALUES (17, 32, 133, 12532, 0, 0);
INSERT INTO result VALUES (17, 62, 134, 12330, 0, 0);
INSERT INTO result VALUES (17, 66, 135, 12330, 0, 0);
INSERT INTO result VALUES (17, 8, 136, 12532, 0, 0);
INSERT INTO result VALUES (17, 152, 137, 12545, 0, 0);
INSERT INTO result VALUES (17, 17, 138, 12545, 0, 0);
INSERT INTO result VALUES (17, 201, 139, 12545, 0, 0);
INSERT INTO result VALUES (17, 133, 140, 12545, 0, 0);
INSERT INTO result VALUES (17, 224, 141, 12330, 0, 0);
INSERT INTO result VALUES (17, 227, 142, 12550, 0, 0);
INSERT INTO result VALUES (17, 128, 143, 12550, 0, 0);
INSERT INTO result VALUES (17, 46, 144, 12330, 0, 0);
INSERT INTO result VALUES (17, 44, 145, 12330, 0, 0);
INSERT INTO result VALUES (17, 45, 146, 12330, 0, 0);
INSERT INTO result VALUES (17, 84, 147, 12615, 0, 0);
INSERT INTO result VALUES (17, 83, 148, 12615, 0, 0);
INSERT INTO result VALUES (17, 86, 149, 12615, 0, 0);
INSERT INTO result VALUES (17, 56, 150, 12615, 0, 0);
INSERT INTO result VALUES (17, 147, 151, 12615, 0, 0);
INSERT INTO result VALUES (17, 92, 152, 12330, 0, 0);
INSERT INTO result VALUES (17, 55, 153, 12615, 0, 0);
INSERT INTO result VALUES (17, 117, 154, 12615, 0, 0);
INSERT INTO result VALUES (17, 143, 155, 12615, 0, 0);
INSERT INTO result VALUES (17, 171, 156, 12615, 0, 0);
INSERT INTO result VALUES (17, 26, 157, 12627, 0, 0);
INSERT INTO result VALUES (17, 25, 158, 12627, 0, 0);
INSERT INTO result VALUES (17, 167, 159, 12627, 0, 0);
INSERT INTO result VALUES (17, 126, 160, 12646, 0, 0);
INSERT INTO result VALUES (17, 41, 161, 12330, 0, 0);
INSERT INTO result VALUES (17, 47, 162, 12654, 0, 0);
INSERT INTO result VALUES (17, 42, 163, 12654, 0, 0);
INSERT INTO result VALUES (17, 93, 164, 12330, 0, 0);
INSERT INTO result VALUES (18, 121, 1, 18227, 10, 0);
INSERT INTO result VALUES (18, 1, 2, 18332, 6, 0);
INSERT INTO result VALUES (18, 11, 3, 18341, 4, 0);
INSERT INTO result VALUES (18, 191, 4, 18345, 0, 0);
INSERT INTO result VALUES (18, 148, 5, 18347, 0, 0);
INSERT INTO result VALUES (18, 151, 6, 18372, 0, 0);
INSERT INTO result VALUES (18, 71, 7, 18393, 0, 0);
INSERT INTO result VALUES (18, 8, 8, 18410, 0, 0);
INSERT INTO result VALUES (18, 221, 9, 18416, 0, 0);
INSERT INTO result VALUES (18, 16, 10, 18433, 0, 0);
INSERT INTO result VALUES (18, 72, 11, 18444, 0, 0);
INSERT INTO result VALUES (18, 131, 12, 18501, 0, 0);
INSERT INTO result VALUES (18, 3, 13, 18684, 0, 0);
INSERT INTO result VALUES (18, 176, 14, 18720, 0, 0);
INSERT INTO result VALUES (18, 117, 15, 18720, 0, 0);
INSERT INTO result VALUES (18, 18, 16, 18720, 0, 0);
INSERT INTO result VALUES (18, 31, 17, 18795, 0, 0);
INSERT INTO result VALUES (18, 51, 18, 18815, 0, 0);
INSERT INTO result VALUES (18, 62, 19, 18835, 0, 0);
INSERT INTO result VALUES (18, 186, 20, 18907, 0, 0);
INSERT INTO result VALUES (18, 104, 21, 18946, 0, 0);
INSERT INTO result VALUES (18, 146, 22, 18946, 0, 0);
INSERT INTO result VALUES (18, 192, 23, 19085, 0, 0);
INSERT INTO result VALUES (18, 95, 24, 19098, 0, 0);
INSERT INTO result VALUES (18, 15, 25, 19252, 0, 0);
INSERT INTO result VALUES (18, 78, 26, 19509, 0, 0);
INSERT INTO result VALUES (18, 6, 27, 19643, 0, 0);
INSERT INTO result VALUES (18, 34, 28, 19884, 0, 0);
INSERT INTO result VALUES (18, 152, 29, 19884, 0, 0);
INSERT INTO result VALUES (18, 36, 30, 19936, 0, 0);
INSERT INTO result VALUES (18, 226, 31, 19942, 0, 0);
INSERT INTO result VALUES (18, 137, 32, 19972, 0, 0);
INSERT INTO result VALUES (18, 91, 33, 19974, 0, 0);
INSERT INTO result VALUES (18, 14, 34, 20022, 0, 0);
INSERT INTO result VALUES (18, 133, 35, 20131, 0, 0);
INSERT INTO result VALUES (18, 153, 36, 20151, 0, 0);
INSERT INTO result VALUES (18, 136, 37, 20208, 0, 0);
INSERT INTO result VALUES (18, 13, 38, 20230, 0, 0);
INSERT INTO result VALUES (18, 5, 39, 20230, 0, 0);
INSERT INTO result VALUES (18, 114, 40, 20230, 0, 0);
INSERT INTO result VALUES (18, 84, 41, 20230, 0, 0);
INSERT INTO result VALUES (18, 61, 42, 20237, 0, 0);
INSERT INTO result VALUES (18, 63, 43, 20244, 0, 0);
INSERT INTO result VALUES (18, 135, 44, 20256, 0, 0);
INSERT INTO result VALUES (18, 206, 45, 20256, 0, 0);
INSERT INTO result VALUES (18, 35, 46, 20342, 0, 0);
INSERT INTO result VALUES (18, 198, 47, 20357, 0, 0);
INSERT INTO result VALUES (18, 144, 48, 20374, 0, 0);
INSERT INTO result VALUES (18, 171, 49, 20380, 0, 0);
INSERT INTO result VALUES (18, 158, 50, 20380, 0, 0);
INSERT INTO result VALUES (18, 42, 51, 20380, 0, 0);
INSERT INTO result VALUES (18, 203, 52, 20385, 0, 0);
INSERT INTO result VALUES (18, 98, 53, 20392, 0, 0);
INSERT INTO result VALUES (18, 96, 54, 20392, 0, 0);
INSERT INTO result VALUES (18, 37, 55, 20392, 0, 0);
INSERT INTO result VALUES (18, 156, 56, 20405, 0, 0);
INSERT INTO result VALUES (18, 102, 57, 20407, 0, 0);
INSERT INTO result VALUES (18, 4, 58, 20407, 0, 0);
INSERT INTO result VALUES (18, 161, 59, 20407, 0, 0);
INSERT INTO result VALUES (18, 108, 60, 20409, 0, 0);
INSERT INTO result VALUES (18, 28, 61, 20409, 0, 0);
INSERT INTO result VALUES (18, 138, 62, 20409, 0, 0);
INSERT INTO result VALUES (18, 7, 63, 20440, 0, 0);
INSERT INTO result VALUES (18, 174, 64, 20451, 0, 0);
INSERT INTO result VALUES (18, 183, 65, 20451, 0, 0);
INSERT INTO result VALUES (18, 105, 66, 20454, 0, 0);
INSERT INTO result VALUES (18, 155, 67, 20454, 0, 0);
INSERT INTO result VALUES (18, 222, 68, 20454, 0, 0);
INSERT INTO result VALUES (18, 107, 69, 20454, 0, 0);
INSERT INTO result VALUES (18, 188, 70, 20458, 0, 0);
INSERT INTO result VALUES (18, 26, 71, 20465, 0, 0);
INSERT INTO result VALUES (18, 182, 72, 20465, 0, 0);
INSERT INTO result VALUES (18, 164, 73, 20465, 0, 0);
INSERT INTO result VALUES (18, 201, 74, 20474, 0, 0);
INSERT INTO result VALUES (18, 227, 75, 20482, 0, 0);
INSERT INTO result VALUES (18, 177, 76, 20492, 0, 0);
INSERT INTO result VALUES (18, 157, 77, 20495, 0, 0);
INSERT INTO result VALUES (18, 128, 78, 20495, 0, 0);
INSERT INTO result VALUES (18, 65, 79, 20506, 0, 0);
INSERT INTO result VALUES (18, 25, 80, 20525, 0, 0);
INSERT INTO result VALUES (18, 205, 81, 20532, 0, 0);
INSERT INTO result VALUES (18, 126, 82, 20532, 0, 0);
INSERT INTO result VALUES (18, 46, 83, 20543, 0, 0);
INSERT INTO result VALUES (18, 113, 84, 20544, 0, 0);
INSERT INTO result VALUES (18, 94, 85, 20546, 0, 0);
INSERT INTO result VALUES (18, 111, 86, 20554, 0, 0);
INSERT INTO result VALUES (18, 17, 87, 20559, 0, 0);
INSERT INTO result VALUES (18, 103, 88, 20559, 0, 0);
INSERT INTO result VALUES (18, 212, 89, 20573, 0, 0);
INSERT INTO result VALUES (18, 218, 90, 20588, 0, 0);
INSERT INTO result VALUES (18, 67, 91, 20588, 0, 0);
INSERT INTO result VALUES (18, 184, 92, 20604, 0, 0);
INSERT INTO result VALUES (18, 142, 93, 20674, 0, 0);
INSERT INTO result VALUES (18, 196, 94, 20680, 0, 0);
INSERT INTO result VALUES (18, 202, 95, 20680, 0, 0);
INSERT INTO result VALUES (18, 23, 96, 20688, 0, 0);
INSERT INTO result VALUES (18, 97, 97, 20690, 0, 0);
INSERT INTO result VALUES (18, 178, 98, 20690, 0, 0);
INSERT INTO result VALUES (18, 187, 99, 20700, 0, 0);
INSERT INTO result VALUES (18, 47, 100, 20700, 0, 0);
INSERT INTO result VALUES (18, 225, 101, 20700, 0, 0);
INSERT INTO result VALUES (18, 45, 102, 20700, 0, 0);
INSERT INTO result VALUES (18, 168, 103, 20700, 0, 0);
INSERT INTO result VALUES (18, 166, 104, 20705, 0, 0);
INSERT INTO result VALUES (18, 58, 105, 20705, 0, 0);
INSERT INTO result VALUES (18, 68, 106, 20705, 0, 0);
INSERT INTO result VALUES (18, 12, 107, 20711, 0, 0);
INSERT INTO result VALUES (18, 57, 108, 20711, 0, 0);
INSERT INTO result VALUES (18, 76, 109, 20713, 0, 0);
INSERT INTO result VALUES (18, 116, 110, 20713, 0, 0);
INSERT INTO result VALUES (18, 75, 111, 20716, 0, 0);
INSERT INTO result VALUES (18, 74, 112, 20716, 0, 0);
INSERT INTO result VALUES (18, 162, 113, 20716, 0, 0);
INSERT INTO result VALUES (18, 143, 114, 20716, 0, 0);
INSERT INTO result VALUES (18, 147, 115, 20716, 0, 0);
INSERT INTO result VALUES (18, 145, 116, 20716, 0, 0);
INSERT INTO result VALUES (18, 33, 117, 20716, 0, 0);
INSERT INTO result VALUES (18, 92, 118, 20716, 0, 0);
INSERT INTO result VALUES (18, 43, 119, 20716, 0, 0);
INSERT INTO result VALUES (18, 175, 120, 20716, 0, 0);
INSERT INTO result VALUES (18, 118, 121, 20726, 0, 0);
INSERT INTO result VALUES (18, 216, 122, 20729, 0, 0);
INSERT INTO result VALUES (18, 44, 123, 20729, 0, 0);
INSERT INTO result VALUES (18, 207, 124, 20752, 0, 0);
INSERT INTO result VALUES (18, 194, 125, 20752, 0, 0);
INSERT INTO result VALUES (18, 208, 126, 20754, 0, 0);
INSERT INTO result VALUES (18, 115, 127, 20754, 0, 0);
INSERT INTO result VALUES (18, 195, 128, 20754, 0, 0);
INSERT INTO result VALUES (18, 132, 129, 20762, 0, 0);
INSERT INTO result VALUES (18, 127, 130, 20762, 0, 0);
INSERT INTO result VALUES (18, 123, 131, 20762, 0, 0);
INSERT INTO result VALUES (18, 215, 132, 20768, 0, 0);
INSERT INTO result VALUES (18, 193, 133, 20772, 0, 0);
INSERT INTO result VALUES (18, 197, 134, 20772, 0, 0);
INSERT INTO result VALUES (18, 53, 135, 20778, 0, 0);
INSERT INTO result VALUES (18, 87, 136, 20778, 0, 0);
INSERT INTO result VALUES (18, 83, 137, 20778, 0, 0);
INSERT INTO result VALUES (18, 224, 138, 20778, 0, 0);
INSERT INTO result VALUES (18, 27, 139, 20781, 0, 0);
INSERT INTO result VALUES (18, 112, 140, 20781, 0, 0);
INSERT INTO result VALUES (18, 24, 141, 20784, 0, 0);
INSERT INTO result VALUES (18, 86, 142, 20784, 0, 0);
INSERT INTO result VALUES (18, 204, 143, 20784, 0, 0);
INSERT INTO result VALUES (18, 172, 144, 20784, 0, 0);
INSERT INTO result VALUES (18, 81, 145, 20784, 0, 0);
INSERT INTO result VALUES (18, 41, 146, 20784, 0, 0);
INSERT INTO result VALUES (18, 32, 147, 20784, 0, 0);
INSERT INTO result VALUES (18, 134, 148, 20784, 0, 0);
INSERT INTO result VALUES (18, 55, 149, 20794, 0, 10);
INSERT INTO result VALUES (18, 52, 150, 20800, 0, 0);
INSERT INTO result VALUES (18, 167, 151, 20810, 0, 0);
INSERT INTO result VALUES (18, 165, 152, 20810, 0, 0);
INSERT INTO result VALUES (18, 223, 153, 20825, 0, 0);
INSERT INTO result VALUES (18, 214, 154, 20838, 0, 0);
INSERT INTO result VALUES (18, 125, 155, 20844, 0, 0);
INSERT INTO result VALUES (18, 211, 156, 20849, 0, 0);
INSERT INTO result VALUES (18, 73, 157, 20851, 0, 0);
INSERT INTO result VALUES (18, 124, 158, 20858, 0, 0);
INSERT INTO result VALUES (18, 56, 159, 20880, 0, 0);
INSERT INTO result VALUES (18, 82, 160, 20894, 0, 0);
INSERT INTO result VALUES (18, 88, 161, 21029, 0, 0);
INSERT INTO result VALUES (19, 62, 1, 9966, 10, 0);
INSERT INTO result VALUES (19, 11, 2, 9968, 6, 0);
INSERT INTO result VALUES (19, 1, 3, 9968, 4, 0);
INSERT INTO result VALUES (19, 72, 4, 9972, 0, 0);
INSERT INTO result VALUES (19, 191, 5, 10013, 0, 0);
INSERT INTO result VALUES (19, 151, 6, 10060, 0, 0);
INSERT INTO result VALUES (19, 221, 7, 10067, 0, 0);
INSERT INTO result VALUES (19, 31, 8, 10105, 0, 0);
INSERT INTO result VALUES (19, 25, 9, 10193, 0, 0);
INSERT INTO result VALUES (19, 18, 10, 10200, 0, 0);
INSERT INTO result VALUES (19, 55, 11, 10208, 0, 0);
INSERT INTO result VALUES (19, 121, 12, 10279, 0, 0);
INSERT INTO result VALUES (19, 156, 13, 10284, 0, 0);
INSERT INTO result VALUES (19, 186, 14, 10315, 0, 0);
INSERT INTO result VALUES (19, 146, 15, 10344, 0, 0);
INSERT INTO result VALUES (19, 14, 16, 10344, 0, 0);
INSERT INTO result VALUES (19, 131, 17, 10344, 0, 0);
INSERT INTO result VALUES (19, 153, 18, 10354, 0, 0);
INSERT INTO result VALUES (19, 3, 19, 10358, 0, 0);
INSERT INTO result VALUES (19, 171, 20, 10372, 0, 0);
INSERT INTO result VALUES (19, 176, 21, 10372, 0, 0);
INSERT INTO result VALUES (19, 198, 22, 10446, 0, 0);
INSERT INTO result VALUES (19, 148, 23, 10541, 0, 0);
INSERT INTO result VALUES (19, 157, 24, 10597, 0, 0);
INSERT INTO result VALUES (19, 135, 25, 10677, 0, 0);
INSERT INTO result VALUES (19, 133, 26, 10684, 0, 0);
INSERT INTO result VALUES (19, 71, 27, 10725, 0, 0);
INSERT INTO result VALUES (19, 78, 28, 10725, 0, 0);
INSERT INTO result VALUES (19, 6, 29, 10812, 0, 0);
INSERT INTO result VALUES (19, 8, 30, 10812, 0, 0);
INSERT INTO result VALUES (19, 36, 31, 10863, 0, 0);
INSERT INTO result VALUES (19, 152, 32, 10879, 0, 0);
INSERT INTO result VALUES (19, 35, 33, 10879, 0, 0);
INSERT INTO result VALUES (19, 104, 34, 10889, 0, 0);
INSERT INTO result VALUES (19, 91, 35, 10889, 0, 0);
INSERT INTO result VALUES (19, 137, 36, 10889, 0, 0);
INSERT INTO result VALUES (19, 16, 37, 10889, 0, 0);
INSERT INTO result VALUES (19, 178, 38, 10889, 0, 0);
INSERT INTO result VALUES (19, 37, 39, 10889, 0, 0);
INSERT INTO result VALUES (19, 63, 40, 10915, 0, 0);
INSERT INTO result VALUES (19, 108, 41, 10931, 0, 0);
INSERT INTO result VALUES (19, 7, 42, 10944, 0, 0);
INSERT INTO result VALUES (19, 96, 43, 11037, 0, 0);
INSERT INTO result VALUES (19, 226, 44, 11086, 0, 0);
INSERT INTO result VALUES (19, 227, 45, 11086, 0, 0);
INSERT INTO result VALUES (19, 105, 46, 11256, 0, 0);
INSERT INTO result VALUES (19, 65, 47, 11263, 0, 0);
INSERT INTO result VALUES (19, 15, 48, 11311, 0, 0);
INSERT INTO result VALUES (19, 222, 49, 11311, 0, 0);
INSERT INTO result VALUES (19, 4, 50, 11311, 0, 0);
INSERT INTO result VALUES (19, 113, 51, 11311, 0, 0);
INSERT INTO result VALUES (19, 144, 52, 11311, 0, 0);
INSERT INTO result VALUES (19, 155, 53, 11311, 0, 0);
INSERT INTO result VALUES (19, 166, 54, 11311, 0, 0);
INSERT INTO result VALUES (19, 212, 55, 11311, 0, 0);
INSERT INTO result VALUES (19, 192, 56, 11311, 0, 0);
INSERT INTO result VALUES (19, 184, 57, 11311, 0, 0);
INSERT INTO result VALUES (19, 161, 58, 11311, 0, 0);
INSERT INTO result VALUES (19, 136, 59, 11311, 0, 0);
INSERT INTO result VALUES (19, 117, 60, 11311, 0, 0);
INSERT INTO result VALUES (19, 158, 61, 11311, 0, 0);
INSERT INTO result VALUES (19, 142, 62, 11311, 0, 0);
INSERT INTO result VALUES (19, 34, 63, 11311, 0, 0);
INSERT INTO result VALUES (19, 138, 64, 11311, 0, 0);
INSERT INTO result VALUES (19, 107, 65, 11311, 0, 0);
INSERT INTO result VALUES (19, 61, 66, 11311, 0, 0);
INSERT INTO result VALUES (19, 126, 67, 11311, 0, 0);
INSERT INTO result VALUES (19, 28, 68, 11348, 0, 0);
INSERT INTO result VALUES (19, 114, 69, 11348, 0, 0);
INSERT INTO result VALUES (19, 111, 70, 11351, 0, 0);
INSERT INTO result VALUES (19, 188, 71, 11351, 0, 0);
INSERT INTO result VALUES (19, 95, 72, 11371, 0, 0);
INSERT INTO result VALUES (19, 5, 73, 11371, 0, 0);
INSERT INTO result VALUES (19, 94, 74, 11371, 0, 0);
INSERT INTO result VALUES (19, 183, 75, 11371, 0, 0);
INSERT INTO result VALUES (19, 13, 76, 11371, 0, 0);
INSERT INTO result VALUES (19, 51, 77, 11371, 0, 0);
INSERT INTO result VALUES (19, 182, 78, 11371, 0, 0);
INSERT INTO result VALUES (19, 67, 79, 11371, 0, 0);
INSERT INTO result VALUES (19, 201, 80, 11371, 0, 0);
INSERT INTO result VALUES (19, 84, 81, 11384, 0, 0);
INSERT INTO result VALUES (19, 75, 82, 11384, 0, 0);
INSERT INTO result VALUES (19, 87, 83, 11390, 0, 0);
INSERT INTO result VALUES (19, 103, 84, 11390, 0, 0);
INSERT INTO result VALUES (19, 164, 85, 11428, 0, 0);
INSERT INTO result VALUES (19, 46, 86, 11514, 0, 0);
INSERT INTO result VALUES (19, 177, 87, 11556, 0, 0);
INSERT INTO result VALUES (19, 168, 88, 11610, 0, 0);
INSERT INTO result VALUES (19, 97, 89, 11610, 0, 0);
INSERT INTO result VALUES (19, 98, 90, 11631, 0, 0);
INSERT INTO result VALUES (19, 33, 91, 11633, 0, 0);
INSERT INTO result VALUES (19, 118, 92, 11684, 0, 0);
INSERT INTO result VALUES (19, 32, 93, 11684, 0, 0);
INSERT INTO result VALUES (19, 218, 94, 11684, 0, 0);
INSERT INTO result VALUES (19, 128, 95, 11684, 0, 0);
INSERT INTO result VALUES (19, 23, 96, 11684, 0, 0);
INSERT INTO result VALUES (19, 76, 97, 11684, 0, 0);
INSERT INTO result VALUES (19, 102, 98, 11684, 0, 0);
INSERT INTO result VALUES (19, 145, 99, 11684, 0, 0);
INSERT INTO result VALUES (19, 26, 100, 11684, 0, 0);
INSERT INTO result VALUES (19, 58, 101, 11684, 0, 0);
INSERT INTO result VALUES (19, 193, 102, 11684, 0, 0);
INSERT INTO result VALUES (19, 196, 103, 11684, 0, 0);
INSERT INTO result VALUES (19, 202, 104, 11684, 0, 0);
INSERT INTO result VALUES (19, 174, 105, 11684, 0, 0);
INSERT INTO result VALUES (19, 42, 106, 11684, 0, 0);
INSERT INTO result VALUES (19, 147, 107, 11684, 0, 0);
INSERT INTO result VALUES (19, 143, 108, 11684, 0, 0);
INSERT INTO result VALUES (19, 194, 109, 11684, 0, 0);
INSERT INTO result VALUES (19, 68, 110, 11684, 0, 0);
INSERT INTO result VALUES (19, 195, 111, 11684, 0, 0);
INSERT INTO result VALUES (19, 205, 112, 11725, 0, 0);
INSERT INTO result VALUES (19, 187, 113, 11725, 0, 0);
INSERT INTO result VALUES (19, 167, 114, 11729, 0, 0);
INSERT INTO result VALUES (19, 57, 115, 11730, 0, 0);
INSERT INTO result VALUES (19, 132, 116, 11730, 0, 0);
INSERT INTO result VALUES (19, 116, 117, 11738, 0, 0);
INSERT INTO result VALUES (19, 81, 118, 11738, 0, 0);
INSERT INTO result VALUES (19, 12, 119, 11738, 0, 0);
INSERT INTO result VALUES (19, 207, 120, 11738, 0, 0);
INSERT INTO result VALUES (19, 134, 121, 11738, 0, 0);
INSERT INTO result VALUES (19, 175, 122, 11738, 0, 0);
INSERT INTO result VALUES (19, 206, 123, 11738, 0, 0);
INSERT INTO result VALUES (19, 203, 124, 11738, 0, 0);
INSERT INTO result VALUES (19, 17, 125, 11738, 0, 0);
INSERT INTO result VALUES (19, 45, 126, 11738, 0, 0);
INSERT INTO result VALUES (19, 225, 127, 11738, 0, 0);
INSERT INTO result VALUES (19, 43, 128, 11738, 0, 0);
INSERT INTO result VALUES (19, 162, 129, 11738, 0, 0);
INSERT INTO result VALUES (19, 52, 130, 11738, 0, 0);
INSERT INTO result VALUES (19, 112, 131, 11738, 0, 0);
INSERT INTO result VALUES (19, 125, 132, 11738, 0, 0);
INSERT INTO result VALUES (19, 123, 133, 11738, 0, 0);
INSERT INTO result VALUES (19, 47, 134, 11738, 0, 0);
INSERT INTO result VALUES (19, 92, 135, 11738, 0, 0);
INSERT INTO result VALUES (19, 216, 136, 11738, 0, 0);
INSERT INTO result VALUES (19, 224, 137, 11738, 0, 0);
INSERT INTO result VALUES (19, 83, 138, 11738, 0, 0);
INSERT INTO result VALUES (19, 172, 139, 11749, 0, 0);
INSERT INTO result VALUES (19, 215, 140, 11749, 0, 0);
INSERT INTO result VALUES (19, 27, 141, 11753, 0, 0);
INSERT INTO result VALUES (19, 74, 142, 11753, 0, 0);
INSERT INTO result VALUES (19, 204, 143, 11755, 0, 0);
INSERT INTO result VALUES (19, 208, 144, 11755, 0, 0);
INSERT INTO result VALUES (19, 115, 145, 11755, 0, 0);
INSERT INTO result VALUES (19, 214, 146, 11755, 0, 0);
INSERT INTO result VALUES (19, 165, 147, 11758, 0, 0);
INSERT INTO result VALUES (19, 223, 148, 11758, 0, 0);
INSERT INTO result VALUES (19, 197, 149, 11761, 0, 0);
INSERT INTO result VALUES (19, 86, 150, 11764, 0, 0);
INSERT INTO result VALUES (19, 24, 151, 11764, 0, 0);
INSERT INTO result VALUES (19, 41, 152, 11780, 0, 0);
INSERT INTO result VALUES (19, 44, 153, 11780, 0, 0);
INSERT INTO result VALUES (19, 53, 154, 11780, 0, 0);
INSERT INTO result VALUES (19, 127, 155, 11782, 0, 0);
INSERT INTO result VALUES (19, 124, 156, 11782, 0, 0);
INSERT INTO result VALUES (19, 211, 157, 11795, 0, 0);
INSERT INTO result VALUES (19, 56, 158, 11807, 0, 0);
INSERT INTO result VALUES (19, 82, 159, 11836, 0, 0);
INSERT INTO result VALUES (19, 73, 160, 11836, 0, 0);
INSERT INTO result VALUES (19, 88, 161, 11888, 0, 0);
INSERT INTO result VALUES (20, 103, 1, 14769, 10, 0);
INSERT INTO result VALUES (20, 198, 2, 14823, 6, 0);
INSERT INTO result VALUES (20, 23, 3, 14828, 4, 0);
INSERT INTO result VALUES (20, 178, 4, 14833, 0, 0);
INSERT INTO result VALUES (20, 94, 5, 14833, 0, 0);
INSERT INTO result VALUES (20, 208, 6, 14833, 0, 0);
INSERT INTO result VALUES (20, 186, 7, 14833, 0, 0);
INSERT INTO result VALUES (20, 7, 8, 14833, 0, 0);
INSERT INTO result VALUES (20, 15, 9, 14833, 0, 0);
INSERT INTO result VALUES (20, 36, 10, 14833, 0, 0);
INSERT INTO result VALUES (20, 118, 11, 14890, 0, 0);
INSERT INTO result VALUES (20, 133, 12, 14994, 0, 0);
INSERT INTO result VALUES (20, 172, 13, 15193, 0, 0);
INSERT INTO result VALUES (20, 177, 14, 15193, 0, 0);
INSERT INTO result VALUES (20, 222, 15, 15193, 0, 0);
INSERT INTO result VALUES (20, 187, 16, 15193, 0, 0);
INSERT INTO result VALUES (20, 42, 17, 15193, 0, 0);
INSERT INTO result VALUES (20, 104, 18, 15193, 0, 0);
INSERT INTO result VALUES (20, 184, 19, 15193, 0, 0);
INSERT INTO result VALUES (20, 136, 20, 15193, 0, 0);
INSERT INTO result VALUES (20, 205, 21, 15193, 0, 0);
INSERT INTO result VALUES (20, 75, 22, 15193, 0, 0);
INSERT INTO result VALUES (20, 72, 23, 15193, 0, 0);
INSERT INTO result VALUES (20, 221, 24, 15193, 0, 0);
INSERT INTO result VALUES (20, 131, 25, 15193, 0, 0);
INSERT INTO result VALUES (20, 225, 26, 15193, 0, 0);
INSERT INTO result VALUES (20, 35, 27, 15193, 0, 0);
INSERT INTO result VALUES (20, 31, 28, 15193, 0, 0);
INSERT INTO result VALUES (20, 26, 29, 15193, 0, 0);
INSERT INTO result VALUES (20, 212, 30, 15193, 0, 0);
INSERT INTO result VALUES (20, 17, 31, 15193, 0, 0);
INSERT INTO result VALUES (20, 1, 32, 15193, 0, 0);
INSERT INTO result VALUES (20, 76, 33, 15193, 0, 0);
INSERT INTO result VALUES (20, 11, 34, 15193, 0, 0);
INSERT INTO result VALUES (20, 71, 35, 15193, 0, 0);
INSERT INTO result VALUES (20, 18, 36, 15193, 0, 0);
INSERT INTO result VALUES (20, 137, 37, 15193, 0, 0);
INSERT INTO result VALUES (20, 164, 38, 15193, 0, 0);
INSERT INTO result VALUES (20, 135, 39, 15193, 0, 0);
INSERT INTO result VALUES (20, 28, 40, 15193, 0, 0);
INSERT INTO result VALUES (20, 33, 41, 15193, 0, 0);
INSERT INTO result VALUES (20, 176, 42, 15193, 0, 0);
INSERT INTO result VALUES (20, 95, 43, 15193, 0, 0);
INSERT INTO result VALUES (20, 191, 44, 15193, 0, 0);
INSERT INTO result VALUES (20, 155, 45, 15193, 0, 0);
INSERT INTO result VALUES (20, 158, 46, 15193, 0, 0);
INSERT INTO result VALUES (20, 151, 47, 15193, 0, 0);
INSERT INTO result VALUES (20, 25, 48, 15193, 0, 0);
INSERT INTO result VALUES (20, 166, 49, 15193, 0, 0);
INSERT INTO result VALUES (20, 227, 50, 15193, 0, 0);
INSERT INTO result VALUES (20, 183, 51, 15193, 0, 0);
INSERT INTO result VALUES (20, 116, 52, 15193, 0, 0);
INSERT INTO result VALUES (20, 114, 53, 15193, 0, 0);
INSERT INTO result VALUES (20, 146, 54, 15193, 0, 0);
INSERT INTO result VALUES (20, 195, 55, 15193, 0, 0);
INSERT INTO result VALUES (20, 121, 56, 15193, 0, 0);
INSERT INTO result VALUES (20, 62, 57, 15193, 0, 0);
INSERT INTO result VALUES (20, 86, 58, 15193, 0, 0);
INSERT INTO result VALUES (20, 87, 59, 15193, 0, 0);
INSERT INTO result VALUES (20, 65, 60, 15193, 0, 0);
INSERT INTO result VALUES (20, 203, 61, 15193, 0, 0);
INSERT INTO result VALUES (20, 4, 62, 15193, 0, 0);
INSERT INTO result VALUES (20, 156, 63, 15193, 0, 0);
INSERT INTO result VALUES (20, 161, 64, 15193, 0, 0);
INSERT INTO result VALUES (20, 63, 65, 15193, 0, 0);
INSERT INTO result VALUES (20, 68, 66, 15193, 0, 0);
INSERT INTO result VALUES (20, 148, 67, 15193, 0, 0);
INSERT INTO result VALUES (20, 117, 68, 15193, 0, 0);
INSERT INTO result VALUES (20, 91, 69, 15193, 0, 0);
INSERT INTO result VALUES (20, 201, 70, 15193, 0, 0);
INSERT INTO result VALUES (20, 226, 71, 15193, 0, 0);
INSERT INTO result VALUES (20, 6, 72, 15193, 0, 0);
INSERT INTO result VALUES (20, 3, 73, 15193, 0, 0);
INSERT INTO result VALUES (20, 128, 74, 15193, 0, 0);
INSERT INTO result VALUES (20, 138, 75, 15193, 0, 0);
INSERT INTO result VALUES (20, 168, 76, 15193, 0, 0);
INSERT INTO result VALUES (20, 152, 77, 15440, 0, 0);
INSERT INTO result VALUES (20, 98, 78, 15566, 0, 0);
INSERT INTO result VALUES (20, 92, 79, 15566, 0, 0);
INSERT INTO result VALUES (20, 34, 80, 15566, 0, 0);
INSERT INTO result VALUES (20, 197, 81, 15566, 0, 0);
INSERT INTO result VALUES (20, 192, 82, 15566, 0, 0);
INSERT INTO result VALUES (20, 162, 83, 15566, 0, 0);
INSERT INTO result VALUES (20, 207, 84, 15566, 0, 0);
INSERT INTO result VALUES (20, 214, 85, 15566, 0, 0);
INSERT INTO result VALUES (20, 218, 86, 15566, 0, 0);
INSERT INTO result VALUES (20, 55, 87, 15566, 0, 0);
INSERT INTO result VALUES (20, 105, 88, 16106, 0, 0);
INSERT INTO result VALUES (20, 13, 89, 16106, 0, 0);
INSERT INTO result VALUES (20, 153, 90, 16106, 0, 0);
INSERT INTO result VALUES (20, 51, 91, 16106, 0, 0);
INSERT INTO result VALUES (20, 171, 92, 16106, 0, 0);
INSERT INTO result VALUES (20, 96, 93, 16106, 0, 0);
INSERT INTO result VALUES (20, 12, 94, 16106, 0, 0);
INSERT INTO result VALUES (20, 61, 95, 16106, 0, 0);
INSERT INTO result VALUES (20, 14, 96, 16106, 0, 0);
INSERT INTO result VALUES (20, 44, 97, 16106, 0, 0);
INSERT INTO result VALUES (20, 97, 98, 16106, 0, 0);
INSERT INTO result VALUES (20, 16, 99, 16106, 0, 0);
INSERT INTO result VALUES (20, 108, 100, 16106, 0, 0);
INSERT INTO result VALUES (20, 157, 101, 16106, 0, 0);
INSERT INTO result VALUES (20, 8, 102, 16106, 0, 0);
INSERT INTO result VALUES (20, 58, 103, 16106, 0, 0);
INSERT INTO result VALUES (20, 37, 104, 16106, 0, 0);
INSERT INTO result VALUES (20, 112, 105, 16106, 0, 0);
INSERT INTO result VALUES (20, 78, 106, 16106, 0, 0);
INSERT INTO result VALUES (20, 84, 107, 16106, 0, 0);
INSERT INTO result VALUES (20, 142, 108, 16106, 0, 0);
INSERT INTO result VALUES (20, 74, 109, 16106, 0, 0);
INSERT INTO result VALUES (20, 224, 110, 16106, 0, 0);
INSERT INTO result VALUES (20, 41, 111, 16116, 0, 0);
INSERT INTO result VALUES (20, 223, 112, 16116, 0, 0);
INSERT INTO result VALUES (20, 144, 113, 16116, 0, 0);
INSERT INTO result VALUES (20, 188, 114, 16118, 0, 0);
INSERT INTO result VALUES (20, 145, 115, 16118, 0, 0);
INSERT INTO result VALUES (20, 147, 116, 16122, 0, 0);
INSERT INTO result VALUES (20, 143, 117, 16122, 0, 0);
INSERT INTO result VALUES (20, 83, 118, 16122, 0, 0);
INSERT INTO result VALUES (20, 73, 119, 16238, 0, 0);
INSERT INTO result VALUES (20, 174, 120, 16238, 0, 0);
INSERT INTO result VALUES (20, 216, 121, 16498, 0, 0);
INSERT INTO result VALUES (20, 5, 122, 16498, 0, 0);
INSERT INTO result VALUES (20, 46, 123, 16498, 0, 0);
INSERT INTO result VALUES (20, 45, 124, 16498, 0, 0);
INSERT INTO result VALUES (20, 56, 125, 16498, 0, 0);
INSERT INTO result VALUES (20, 126, 126, 16498, 0, 0);
INSERT INTO result VALUES (20, 53, 127, 16498, 0, 0);
INSERT INTO result VALUES (20, 57, 128, 16498, 0, 0);
INSERT INTO result VALUES (20, 67, 129, 16498, 0, 0);
INSERT INTO result VALUES (20, 215, 130, 16498, 0, 0);
INSERT INTO result VALUES (20, 165, 131, 16498, 0, 0);
INSERT INTO result VALUES (20, 102, 132, 16498, 0, 0);
INSERT INTO result VALUES (20, 127, 133, 16498, 0, 0);
INSERT INTO result VALUES (20, 123, 134, 16498, 0, 0);
INSERT INTO result VALUES (20, 132, 135, 16498, 0, 0);
INSERT INTO result VALUES (20, 124, 136, 16498, 0, 0);
INSERT INTO result VALUES (20, 27, 137, 16498, 0, 0);
INSERT INTO result VALUES (20, 134, 138, 16498, 0, 0);
INSERT INTO result VALUES (20, 204, 139, 16498, 0, 0);
INSERT INTO result VALUES (20, 113, 140, 16498, 0, 0);
INSERT INTO result VALUES (20, 125, 141, 16498, 0, 0);
INSERT INTO result VALUES (20, 115, 142, 16498, 0, 0);
INSERT INTO result VALUES (20, 52, 143, 16498, 0, 0);
INSERT INTO result VALUES (20, 194, 144, 16498, 0, 0);
INSERT INTO result VALUES (20, 24, 145, 16498, 0, 0);
INSERT INTO result VALUES (20, 193, 146, 16498, 0, 0);
INSERT INTO result VALUES (20, 107, 147, 16498, 0, 0);
INSERT INTO result VALUES (20, 182, 148, 16498, 0, 0);
INSERT INTO result VALUES (20, 88, 149, 16498, 0, 0);
INSERT INTO result VALUES (20, 81, 150, 16498, 0, 0);
INSERT INTO result VALUES (20, 82, 151, 16498, 0, 0);
INSERT INTO result VALUES (20, 47, 152, 16498, 0, 0);
INSERT INTO result VALUES (20, 43, 153, 16498, 0, 0);
INSERT INTO result VALUES (20, 32, 154, 16498, 0, 0);
INSERT INTO result VALUES (20, 206, 155, 16498, 0, 0);
INSERT INTO result VALUES (20, 202, 156, 16498, 0, 0);
INSERT INTO result VALUES (20, 196, 157, 16498, 0, 0);
INSERT INTO result VALUES (20, 167, 158, 16498, 0, 0);
INSERT INTO result VALUES (20, 211, 159, 16498, 0, 0);
INSERT INTO result VALUES (20, 111, 160, 16498, 0, 0);
INSERT INTO result VALUES (21, 17, 1, 11250, 10, 0);
INSERT INTO result VALUES (21, 172, 2, 11250, 6, 0);
INSERT INTO result VALUES (21, 56, 3, 11250, 4, 0);
INSERT INTO result VALUES (21, 1, 4, 11250, 0, 0);
INSERT INTO result VALUES (21, 15, 5, 11250, 0, 0);
INSERT INTO result VALUES (21, 118, 6, 11250, 0, 0);
INSERT INTO result VALUES (21, 211, 7, 11250, 0, 0);
INSERT INTO result VALUES (21, 131, 8, 11250, 0, 0);
INSERT INTO result VALUES (21, 177, 9, 11250, 0, 0);
INSERT INTO result VALUES (21, 166, 10, 11250, 0, 0);
INSERT INTO result VALUES (21, 103, 11, 11250, 0, 0);
INSERT INTO result VALUES (21, 195, 12, 11250, 0, 0);
INSERT INTO result VALUES (21, 41, 13, 11250, 0, 0);
INSERT INTO result VALUES (21, 162, 14, 11250, 0, 0);
INSERT INTO result VALUES (21, 35, 15, 11250, 0, 0);
INSERT INTO result VALUES (21, 222, 16, 11250, 0, 0);
INSERT INTO result VALUES (21, 25, 17, 11250, 0, 0);
INSERT INTO result VALUES (21, 98, 18, 11250, 0, 0);
INSERT INTO result VALUES (21, 111, 19, 11250, 0, 0);
INSERT INTO result VALUES (21, 65, 20, 11250, 0, 0);
INSERT INTO result VALUES (21, 14, 21, 11250, 0, 0);
INSERT INTO result VALUES (21, 58, 22, 11250, 0, 0);
INSERT INTO result VALUES (21, 158, 23, 11250, 0, 0);
INSERT INTO result VALUES (21, 156, 24, 11250, 0, 0);
INSERT INTO result VALUES (21, 212, 25, 11250, 0, 0);
INSERT INTO result VALUES (21, 87, 26, 11250, 0, 0);
INSERT INTO result VALUES (21, 193, 27, 11250, 0, 0);
INSERT INTO result VALUES (21, 205, 28, 11250, 0, 0);
INSERT INTO result VALUES (21, 23, 29, 11250, 0, 0);
INSERT INTO result VALUES (21, 92, 30, 11250, 0, 0);
INSERT INTO result VALUES (21, 208, 31, 11250, 0, 0);
INSERT INTO result VALUES (21, 86, 32, 11250, 0, 0);
INSERT INTO result VALUES (21, 204, 33, 11250, 0, 0);
INSERT INTO result VALUES (21, 207, 34, 11250, 0, 0);
INSERT INTO result VALUES (21, 194, 35, 11250, 0, 0);
INSERT INTO result VALUES (21, 145, 36, 11250, 0, 0);
INSERT INTO result VALUES (21, 61, 37, 11250, 0, 0);
INSERT INTO result VALUES (21, 184, 38, 11250, 0, 0);
INSERT INTO result VALUES (21, 183, 39, 11250, 0, 0);
INSERT INTO result VALUES (21, 33, 40, 11250, 0, 0);
INSERT INTO result VALUES (21, 81, 41, 11250, 0, 0);
INSERT INTO result VALUES (21, 67, 42, 11250, 0, 0);
INSERT INTO result VALUES (21, 95, 43, 11250, 0, 0);
INSERT INTO result VALUES (21, 91, 44, 11250, 0, 0);
INSERT INTO result VALUES (21, 125, 45, 11250, 0, 0);
INSERT INTO result VALUES (21, 124, 46, 11250, 0, 0);
INSERT INTO result VALUES (21, 57, 47, 11250, 0, 0);
INSERT INTO result VALUES (21, 164, 48, 11250, 0, 0);
INSERT INTO result VALUES (21, 138, 49, 11250, 0, 0);
INSERT INTO result VALUES (21, 192, 50, 11250, 0, 0);
INSERT INTO result VALUES (21, 73, 51, 11250, 0, 0);
INSERT INTO result VALUES (21, 72, 52, 11241, 0, 0);
INSERT INTO result VALUES (21, 134, 53, 11250, 0, 0);
INSERT INTO result VALUES (21, 63, 54, 11250, 0, 0);
INSERT INTO result VALUES (21, 113, 55, 11250, 0, 0);
INSERT INTO result VALUES (21, 116, 56, 11250, 0, 0);
INSERT INTO result VALUES (21, 121, 57, 11250, 0, 0);
INSERT INTO result VALUES (21, 62, 58, 11250, 0, 0);
INSERT INTO result VALUES (21, 203, 59, 11250, 0, 0);
INSERT INTO result VALUES (21, 144, 60, 11250, 0, 0);
INSERT INTO result VALUES (21, 186, 61, 11250, 0, 0);
INSERT INTO result VALUES (21, 55, 62, 11250, 0, 0);
INSERT INTO result VALUES (21, 155, 63, 11250, 0, 0);
INSERT INTO result VALUES (21, 224, 64, 11250, 0, 0);
INSERT INTO result VALUES (21, 27, 65, 11250, 0, 0);
INSERT INTO result VALUES (21, 104, 66, 11250, 0, 0);
INSERT INTO result VALUES (21, 165, 67, 11250, 0, 0);
INSERT INTO result VALUES (21, 94, 68, 11250, 0, 0);
INSERT INTO result VALUES (21, 136, 69, 11250, 0, 0);
INSERT INTO result VALUES (21, 16, 70, 11250, 0, 0);
INSERT INTO result VALUES (21, 75, 71, 11250, 0, 0);
INSERT INTO result VALUES (21, 76, 72, 11250, 0, 0);
INSERT INTO result VALUES (21, 168, 73, 11250, 0, 0);
INSERT INTO result VALUES (21, 11, 74, 11250, 0, 0);
INSERT INTO result VALUES (21, 28, 75, 11250, 0, 0);
INSERT INTO result VALUES (21, 218, 76, 11250, 0, 0);
INSERT INTO result VALUES (21, 26, 77, 11250, 0, 0);
INSERT INTO result VALUES (21, 198, 78, 11250, 0, 0);
INSERT INTO result VALUES (21, 191, 79, 11250, 0, 0);
INSERT INTO result VALUES (21, 142, 80, 11250, 0, 0);
INSERT INTO result VALUES (21, 13, 81, 11250, 0, 0);
INSERT INTO result VALUES (21, 52, 82, 11250, 0, 0);
INSERT INTO result VALUES (21, 114, 83, 11250, 0, 0);
INSERT INTO result VALUES (21, 225, 84, 11250, 0, 0);
INSERT INTO result VALUES (21, 8, 85, 11250, 0, 0);
INSERT INTO result VALUES (21, 46, 86, 11250, 0, 0);
INSERT INTO result VALUES (21, 226, 87, 11250, 0, 0);
INSERT INTO result VALUES (21, 221, 88, 11250, 0, 0);
INSERT INTO result VALUES (21, 32, 89, 11250, 0, 0);
INSERT INTO result VALUES (21, 107, 90, 11250, 0, 0);
INSERT INTO result VALUES (21, 202, 91, 11250, 0, 0);
INSERT INTO result VALUES (21, 196, 92, 11250, 0, 0);
INSERT INTO result VALUES (21, 7, 93, 11250, 0, 0);
INSERT INTO result VALUES (21, 4, 94, 11250, 0, 0);
INSERT INTO result VALUES (21, 178, 95, 11250, 0, 0);
INSERT INTO result VALUES (21, 68, 96, 11250, 0, 0);
INSERT INTO result VALUES (21, 108, 97, 11250, 0, 0);
INSERT INTO result VALUES (21, 71, 98, 11250, 0, 0);
INSERT INTO result VALUES (21, 112, 99, 11250, 0, 0);
INSERT INTO result VALUES (21, 12, 100, 11250, 0, 0);
INSERT INTO result VALUES (21, 215, 101, 11250, 0, 0);
INSERT INTO result VALUES (21, 197, 102, 11250, 0, 0);
INSERT INTO result VALUES (21, 153, 103, 11250, 0, 0);
INSERT INTO result VALUES (21, 5, 104, 11250, 0, 0);
INSERT INTO result VALUES (21, 105, 105, 11250, 0, 0);
INSERT INTO result VALUES (21, 216, 106, 11250, 0, 0);
INSERT INTO result VALUES (21, 123, 107, 11250, 0, 0);
INSERT INTO result VALUES (21, 127, 108, 11250, 0, 0);
INSERT INTO result VALUES (21, 18, 109, 11250, 0, 0);
INSERT INTO result VALUES (21, 132, 110, 11250, 0, 0);
INSERT INTO result VALUES (21, 137, 111, 11250, 0, 0);
INSERT INTO result VALUES (21, 227, 112, 11250, 0, 0);
INSERT INTO result VALUES (21, 117, 113, 11250, 0, 0);
INSERT INTO result VALUES (21, 3, 114, 11250, 0, 0);
INSERT INTO result VALUES (21, 6, 115, 11250, 0, 0);
INSERT INTO result VALUES (21, 148, 116, 11250, 0, 0);
INSERT INTO result VALUES (21, 51, 117, 11250, 0, 0);
INSERT INTO result VALUES (21, 152, 118, 11250, 0, 0);
INSERT INTO result VALUES (21, 97, 119, 11250, 0, 0);
INSERT INTO result VALUES (21, 96, 120, 11250, 0, 0);
INSERT INTO result VALUES (21, 115, 121, 11250, 0, 0);
INSERT INTO result VALUES (21, 102, 122, 11250, 0, 0);
INSERT INTO result VALUES (21, 43, 123, 11250, 0, 0);
INSERT INTO result VALUES (21, 45, 124, 11250, 0, 0);
INSERT INTO result VALUES (21, 84, 125, 11241, 0, 0);
INSERT INTO result VALUES (21, 206, 126, 11250, 0, 0);
INSERT INTO result VALUES (21, 176, 127, 11250, 0, 0);
INSERT INTO result VALUES (21, 135, 128, 11250, 0, 0);
INSERT INTO result VALUES (21, 47, 129, 11250, 0, 0);
INSERT INTO result VALUES (21, 24, 130, 11250, 0, 0);
INSERT INTO result VALUES (21, 128, 131, 11250, 0, 0);
INSERT INTO result VALUES (21, 126, 132, 11250, 0, 0);
INSERT INTO result VALUES (21, 78, 133, 11250, 0, 0);
INSERT INTO result VALUES (21, 146, 134, 11250, 0, 0);
INSERT INTO result VALUES (21, 151, 135, 11250, 0, 0);
INSERT INTO result VALUES (21, 161, 136, 11250, 0, 0);
INSERT INTO result VALUES (21, 214, 137, 11250, 0, 0);
INSERT INTO result VALUES (21, 157, 138, 11250, 0, 0);
INSERT INTO result VALUES (21, 182, 139, 11250, 0, 0);
INSERT INTO result VALUES (21, 174, 140, 11250, 0, 0);
INSERT INTO result VALUES (21, 44, 141, 11250, 0, 0);
INSERT INTO result VALUES (21, 42, 142, 11250, 0, 0);
INSERT INTO result VALUES (21, 133, 143, 11250, 0, 0);
INSERT INTO result VALUES (21, 36, 144, 11250, 0, 0);
INSERT INTO result VALUES (21, 37, 145, 11250, 0, 0);
INSERT INTO result VALUES (21, 31, 146, 11250, 0, 0);
INSERT INTO result VALUES (21, 34, 147, 11250, 0, 0);
INSERT INTO result VALUES (21, 187, 148, 11250, 0, 0);
INSERT INTO result VALUES (21, 188, 149, 11250, 0, 0);
INSERT INTO result VALUES (21, 171, 150, 11250, 0, 0);
INSERT INTO result VALUES (21, 147, 151, 11250, 0, 0);
INSERT INTO result VALUES (21, 167, 152, 11250, 0, 0);
INSERT INTO result VALUES (21, 201, 153, 11250, 0, 0);
INSERT INTO result VALUES (21, 223, 154, 11250, 0, 0);
INSERT INTO result VALUES (21, 53, 155, 11250, 0, 0);
INSERT INTO result VALUES (21, 74, 156, 11250, 0, 0);
INSERT INTO result VALUES (21, 88, 157, 11250, 0, 0);
INSERT INTO result VALUES (21, 82, 158, 11250, 0, 0);
INSERT INTO result VALUES (21, 143, 159, 11250, 0, 0);
INSERT INTO result VALUES (21, 83, 160, 11250, 0, 0);

INSERT INTO exit_reason VALUES ('withdrawal');
INSERT INTO exit_reason VALUES ('DNS');

INSERT INTO exit VALUES (163, 14, 'DNS');
INSERT INTO exit VALUES (66, 18, 'DNS');
INSERT INTO exit VALUES (173, 12, 'DNS');
INSERT INTO exit VALUES (93, 18, 'DNS');
INSERT INTO exit VALUES (77, 17, 'DNS');
INSERT INTO exit VALUES (122, 8, 'withdrawal');
INSERT INTO exit VALUES (185, 5, 'DNS');
INSERT INTO exit VALUES (141, 18, 'withdrawal');
INSERT INTO exit VALUES (48, 10, 'DNS');
INSERT INTO exit VALUES (54, 7, 'withdrawal');
INSERT INTO exit VALUES (213, 5, 'DNS');
INSERT INTO exit VALUES (101, 3, 'withdrawal');
INSERT INTO exit VALUES (2, 9, 'withdrawal');
INSERT INTO exit VALUES (217, 15, 'DNS');
INSERT INTO exit VALUES (38, 10, 'DNS');
INSERT INTO exit VALUES (106, 16, 'DNS');
INSERT INTO exit VALUES (22, 7, 'withdrawal');
INSERT INTO exit VALUES (85, 14, 'withdrawal');
INSERT INTO exit VALUES (21, 14, 'withdrawal');
INSERT INTO exit VALUES (228, 10, 'withdrawal');
INSERT INTO exit VALUES (181, 14, 'withdrawal');
INSERT INTO exit VALUES (175, 20, 'DNS');

SELECT 
    r.name,
    SUM(res.finish_time + res.time_penalty - res.time_bonus) AS time
FROM rider r
JOIN result res
    ON r.bib = res.rider
WHERE r.bib NOT IN (SELECT e.rider FROM exit e)
GROUP BY r.bib, r.name
ORDER BY time ASC
LIMIT 1;
